start_time_s,end_time_s,pitch_midi,velocity,pitch_bend
185.43786077097508,186.48275873015874,60,98,1,1,1,1,1,1,1,1,1,1,1,1,1,1,1,1,1,1,1,1,1,1,1,1,1,1,1,1,1,1,1,1,1,1,1,1,1,1,1,1,1,1,1,1,1,1,1,1,1,1,1,1,1,1,1,1,1,1,1,1,1,1,1,1,1,1,1,1,1,1,1,1,1,1,1,1,1,1,1,1,1,1,1,1,1,1,1,1,1,1
185.3333709750567,186.0880195011338,75,50,1,1,1,1,1,1,1,1,1,1,1,1,1,1,1,1,1,1,1,1,1,1,1,1,1,1,1,1,1,1,1,1,1,1,1,1,1,1,1,1,1,1,1,1,1,1,1,1,1,1,1,1,1,1,1,1,1,1,1,1,1,1,1,1,1
185.3333709750567,186.48275873015874,51,63,1,1,1,1,1,1,1,1,1,1,1,1,1,1,1,1,1,1,1,1,1,1,1,1,1,1,1,1,1,1,1,1,1,1,1,1,1,1,1,1,1,1,1,1,1,1,1,1,1,1,1,1,1,1,1,1,1,1,1,1,1,1,1,1,1,1,1,1,1,1,1,1,1,1,1,1,1,1,1,1,1,1,1,1,1,1,1,1,1,1,1,1,1,1,1,1,1,1,1
185.3333709750567,186.48275873015874,44,64,1,1,1,1,1,1,1,1,1,1,1,1,1,1,1,1,1,1,1,1,1,1,1,1,1,1,1,1,1,1,1,1,1,1,1,1,1,1,1,1,1,1,1,1,1,1,1,1,1,1,1,1,1,1,1,1,1,1,1,1,1,1,1,1,1,1,1,1,1,1,1,1,1,1,1,1,1,1,1,1,1,1,1,1,1,1,1,1,1,1,1,1,1,1,1,1,1,1,1
185.3333709750567,185.57718049886623,32,53,1,1,1,1,1,1,1,1,1,1,1,1,1,1,1,1,1,1,1,1,1
184.51938866213152,184.86897188208619,75,70,1,1,1,1,1,1,1,1,1,1,1,1,1,1,2,2,2,2,2,1,2,1,1,1,1,1,2,2,2,2,2
184.28718911564624,185.43786077097508,60,68,1,1,1,1,1,1,1,1,1,1,1,1,1,1,1,1,1,1,1,1,1,1,1,1,1,1,1,1,1,1,1,1,1,1,1,1,1,1,1,1,1,1,1,1,1,1,1,1,1,1,1,1,1,1,1,1,1,1,1,1,1,2,1,1,1,1,1,1,1,1,1,1,1,1,1,1,1,1,1,1,1,1,1,1,1,1,1,1,1,1,1,1,1,1,1,1,1,1,1,1
184.275579138322,184.51938866213152,75,99,1,1,1,2,2,2,2,2,2,2,1,2,2,2,2,2,2,2,2,2,1
184.275579138322,184.83414195011338,56,61,1,1,1,1,1,1,1,1,1,1,1,1,1,1,1,1,1,1,1,1,1,1,1,1,1,1,1,1,1,1,1,1,1,1,1,1,1,1,1,1,1,1,1,1,1,1,1,1,1
183.7995700680272,184.04337959183673,72,61,1,1,1,1,1,1,1,1,1,1,1,1,1,1,1,1,1,1,1,1,1
183.7995700680272,184.28718911564624,60,88,1,1,1,1,1,1,1,1,1,1,1,1,1,1,1,1,1,1,1,1,1,1,1,1,1,1,1,1,1,1,1,1,1,1,1,1,1,1,1,1,1,1
183.7995700680272,185.3333709750567,44,53,1,1,1,1,1,1,1,1,1,1,1,1,1,1,1,1,1,1,1,1,1,1,1,1,1,1,1,1,1,1,1,1,1,1,1,1,1,1,1,1,1,1,1,1,1,1,1,1,1,1,1,1,1,1,1,1,1,1,1,1,1,1,1,1,1,1,1,1,1,1,1,1,1,1,1,1,1,1,1,1,1,1,1,1,1,1,1,1,1,1,1,1,1,1,1,1,1,1,1,1,1,1,1,1,1,1,1,1,1,1,1,1,1,1,1,1,1,1,1,1,1,1,1,1,1,1,1,1,1,1,1,1,1
183.78796009070294,184.2059192743764,56,61,1,1,1,1,1,1,1,1,1,1,1,1,1,1,1,1,1,1,1,1,1,1,1,1,1,1,1,1,1,1,1,1,1,1,1,1
183.76474013605443,184.58904852607708,67,66,1,1,1,1,1,1,1,1,1,1,1,1,1,1,1,1,1,1,1,1,1,1,1,1,1,1,1,1,1,1,1,1,1,1,1,1,1,1,1,1,1,1,1,1,1,1,1,1,1,1,1,1,1,1,1,1,1,1,1,1,1,1,1,1,1,1,1,1,1,1,1
183.72991020408162,185.3333709750567,51,44,1,1,1,1,1,1,1,1,1,1,1,1,1,1,1,1,1,1,1,1,1,1,1,1,1,1,1,1,1,1,1,1,1,1,1,1,1,1,1,1,1,1,1,1,1,1,1,1,1,1,1,1,1,1,1,1,1,1,1,1,1,1,1,1,1,1,1,1,1,1,1,1,1,1,1,1,1,1,1,1,1,1,1,1,1,1,1,1,1,1,1,1,1,1,1,1,1,1,1,1,1,1,1,1,1,1,1,1,1,1,1,1,1,1,1,1,1,1,1,1,1,1,1,1,1,1,1,1,1,1,1,1,1,1,1,1,1,1,1
183.69508027210884,185.07795147392292,32,54,1,1,1,1,1,1,1,1,1,1,1,1,1,1,1,1,1,1,1,1,1,1,1,1,1,1,1,1,1,1,1,1,1,1,1,1,1,1,1,1,1,1,1,1,1,1,1,1,1,1,1,1,1,1,1,1,1,1,1,1,1,1,1,1,1,1,1,1,1,1,1,1,1,1,1,1,1,1,1,1,1,1,1,1,1,1,1,1,1,1,1,1,1,1,1,1,1,1,1,1,1,1,1,1,1,1,1,1,1,1,1,1,1,1,1,1,1,1,1,1
183.42805079365078,183.68347029478457,57,62,1,1,1,1,1,1,1,1,1,1,1,1,1,1,1,1,1,1,1,1,1,1
183.42805079365078,183.66025034013606,45,72,2,2,1,1,1,1,1,1,1,1,1,1,1,1,1,1,1,1,1,1
183.28873106575963,183.6486403628118,73,56,1,1,1,1,1,1,1,1,1,1,1,1,1,1,1,1,1,1,1,1,1,1,1,1,1,1,1,1,1,1,1
183.28873106575963,183.68347029478457,61,72,1,1,1,1,1,1,1,1,1,1,1,1,1,1,1,1,1,1,1,1,1,1,1,1,1,1,1,1,1,1,1,1,1,1
183.28873106575963,183.42805079365078,57,38,1,1,1,1,1,1,1,1,1,1,1,1
183.28873106575963,183.42805079365078,45,60,1,1,1,1,1,2,2,2,2,2,1,1
183.27712108843536,183.6486403628118,68,62,1,1,1,1,1,1,1,1,1,1,1,1,1,1,1,1,1,1,1,1,1,1,1,1,1,1,1,1,1,1,1,1
182.87077188208616,183.19585124716554,74,60,1,1,1,1,1,1,1,1,1,1,1,1,1,1,1,1,1,1,1,1,1,1,1,1,1,1,1,1
182.87077188208616,183.24229115646258,62,62,1,1,1,1,1,1,1,1,1,1,1,1,1,1,1,1,1,1,1,1,1,1,1,1,1,1,1,1,1,1,1,1
182.87077188208616,183.18424126984127,58,64,1,1,1,1,1,1,1,1,1,1,1,1,1,1,1,1,1,1,1,1,1,1,1,1,1,1,1
182.8591619047619,183.03331156462585,69,46,1,1,1,1,1,1,1,1,2,2,2,1,1,1,1
182.497968707483,182.84755192743762,70,70,1,1,1,1,1,1,1,1,1,1,1,1,1,1,1,1,1,1,1,1,1,1,1,1,1,1,1,1,1,1,1
182.45152879818593,182.69533832199548,75,51,1,1,1,1,1,1,1,1,1,1,1,1,1,1,1,1,1,1,1,1,1
182.45152879818593,182.87077188208616,63,80,1,1,1,1,1,1,1,1,1,1,1,1,1,1,1,1,1,1,1,1,1,1,1,1,1,1,1,1,1,1,1,1,1,1,1,1,1
182.06839954648527,182.25415918367347,71,54,1,1,1,1,1,1,1,1,1,1,1,1,1,1,1,1
182.0335696145125,182.3702589569161,36,51,1,1,1,1,1,1,1,1,1,1,1,1,1,1,1,1,1,1,1,1,1,1,1,1,1,1,1,1,1
182.02195963718822,182.40508888888888,64,73,1,1,1,1,1,1,1,1,1,1,1,1,1,1,1,1,1,1,1,1,1,1,1,1,1,1,1,1,1,1,1,1,1
182.02195963718822,182.40508888888888,60,54,1,1,1,1,1,1,1,1,1,1,1,1,1,1,1,1,1,1,1,1,1,1,1,1,1,1,1,1,1,1,1,1,1
182.01034965986395,182.34703900226756,76,60,1,1,1,1,1,1,1,1,1,1,1,1,1,1,1,1,1,1,1,1,1,1,1,1,1,1,1,1,1
181.73171020408162,181.99873968253968,37,66,2,2,2,1,1,1,1,1,1,1,1,1,1,1,1,1,1,1,1,1,1,1,1
181.6504403628118,181.90585986394558,61,46,1,1,1,1,1,1,1,1,1,1,1,1,1,1,1,1,1,1,1,1,1,1
181.5807804988662,181.82459002267575,77,46,1,1,1,1,2,2,1,1,1,1,1,1,1,1,1,1,1,1,1,1,1
181.5807804988662,182.02195963718822,65,83,1,1,1,1,1,1,1,1,1,1,1,1,1,1,1,1,1,1,1,1,1,1,1,1,1,1,1,1,1,1,1,1,1,1,1,1,1,-2
181.56917052154196,181.8710299319728,72,52,1,1,1,1,1,1,1,1,1,1,1,1,1,1,1,1,1,1,1,1,1,1,1,1,1,1
180.9190117913832,181.54595056689342,68,94,1,1,1,1,1,1,1,1,1,1,1,1,1,1,1,1,2,1,1,1,1,1,1,1,1,1,1,1,1,1,1,1,1,1,1,1,1,1,1,1,1,1,2,2,2,1,1,1,1,1,1,1,1,1
180.49976870748299,180.87257188208616,72,84,1,1,1,1,1,1,1,1,1,1,1,1,1,1,1,1,1,1,1,1,1,1,1,2,2,1,1,1,1,2,2,1,1
180.18629931972788,180.4068888888889,71,70,1,1,1,1,1,1,1,1,1,1,1,1,1,1,1,1,1,1,1
179.79156009070294,180.13985941043083,77,75,1,1,1,2,2,2,2,2,2,2,2,2,1,1,1,1,1,1,1,1,1,1,1,1,1,1,1,1,1,1
179.5477505668934,179.8612199546485,75,95,1,1,1,1,1,1,1,1,1,1,1,1,1,1,1,1,1,1,1,1,1,1,1,2,2,2,2
179.12979138321995,179.37360090702947,71,82,1,1,1,1,1,1,1,1,1,1,1,1,1,1,1,1,1,1,1,1,4
178.8859818594104,179.15301133786846,63,87,1,1,1,1,1,1,1,1,1,1,1,1,1,1,1,2,2,2,2,2,1,1,1
178.66410839002268,178.80471201814058,73,57,1,1,1,1,1,1,1,1,1,1,1,1,1
178.38546893424035,178.90920181405895,65,89,1,1,1,1,1,1,1,1,1,1,1,1,1,1,1,1,1,1,1,1,1,1,1,1,1,1,1,1,1,1,1,1,1,1,1,1,1,1,1,1,1,1,1,2,2,-4
178.25775918367347,178.66410839002268,73,72,1,1,1,1,1,1,1,1,1,1,1,1,1,1,1,1,1,1,1,1,1,1,1,1,1,1,1,1,1,1,1,1,1,1,1
178.25775918367347,178.8279319727891,70,63,1,1,1,1,1,1,1,1,1,1,1,1,1,1,1,1,1,1,1,1,1,1,1,1,1,1,1,1,1,1,1,1,1,1,1,1,1,1,1,1,1,1,1,1,1,1,1,1,1,1
178.25775918367347,178.47834875283448,68,43,-7,1,1,1,1,1,1,1,1,1,1,1,1,1,1,1,1,1,1
178.2461492063492,178.38546893424035,65,91,1,1,1,1,1,1,1,1,1,1,1,1
178.2229292517007,178.42029886621316,77,64,1,1,2,2,2,2,2,2,2,2,2,2,2,2,1,1,1
177.8398,178.21131927437642,63,72,2,1,1,1,1,1,1,1,1,1,1,1,1,1,1,1,1,1,1,1,1,1,1,1,1,1,1,1,1,1,1,1
177.82819002267573,178.19970929705215,75,73,1,1,1,1,1,1,1,1,1,1,1,1,1,1,1,1,1,1,1,1,1,1,1,1,1,1,1,1,1,1,1,1
177.60760045351475,177.86301995464854,61,85,1,1,1,1,1,1,1,1,1,1,1,1,1,1,1,1,1,1,2,2,1,1
177.59599047619048,177.8398,73,75,1,2,2,1,1,1,1,1,2,2,1,1,1,1,1,1,1,1,1,1,2
177.57277052154194,177.80497006802722,41,54,1,1,1,1,1,1,1,1,1,1,1,1,1,1,1,1,1,1,1,1
177.25930113378683,177.60760045351475,61,81,1,1,1,1,1,1,1,1,1,1,1,1,1,1,1,1,1,1,1,1,1,1,1,1,1,1,1,1,1,1
177.20125124716554,177.50311065759638,68,64,1,1,1,1,1,1,1,1,1,1,1,1,1,1,1,1,1,1,1,1,1,1,1,1,1,1
177.20125124716554,177.59599047619048,65,80,1,1,1,1,1,1,1,1,1,1,1,1,1,1,1,1,1,1,1,1,1,1,1,1,1,1,1,1,1,1,1,1,1,1
177.18964126984127,177.46828072562357,72,60,1,1,1,1,1,1,1,1,1,1,1,1,1,1,1,1,1,1,1,1,1,1,1,1
176.957441723356,177.20125124716554,70,76,1,1,1,1,1,1,1,1,1,1,1,1,1,1,1,1,1,1,1,1,1
176.957441723356,177.20125124716554,65,42,1,1,1,1,1,1,1,1,1,1,1,1,1,1,1,1,1,1,1,1,1
176.957441723356,177.25930113378683,61,48,1,1,1,1,1,1,1,1,1,1,1,1,1,1,1,1,1,1,1,-2,-2,-2,1,1,1,1
176.94583174603176,177.20125124716554,58,72,1,1,1,1,1,1,1,1,1,1,1,1,1,1,1,1,1,1,1,1,1,1
176.58463854875285,176.94583174603176,58,68,1,1,1,1,1,1,1,1,1,1,1,1,1,1,1,1,1,1,1,1,1,1,1,1,1,1,1,1,1,1,1,1
176.57302857142858,176.89939183673468,68,72,1,1,1,1,1,1,1,1,1,1,1,1,1,1,1,1,1,1,1,1,1,1,1,1,1,1,1,1,1
176.57302857142858,176.957441723356,65,71,1,1,1,1,1,1,1,1,1,1,1,1,1,1,1,1,1,1,1,1,1,1,1,1,1,1,1,1,1,1,1,1,1,1
176.57302857142858,176.91100181405895,61,61,1,1,1,1,1,1,1,1,1,1,1,1,1,1,1,1,1,1,1,1,1,1,1,1,1,1,1,1,1,1
176.35243900226757,176.57302857142858,61,65,1,1,1,1,1,1,1,1,1,1,1,1,1,1,1,1,1,1,1
176.34082902494333,176.58463854875285,58,63,1,1,1,1,1,1,1,1,1,1,1,1,1,1,1,1,1,1,1,1,1
176.32921904761906,176.49175873015875,67,65,1,1,1,1,1,1,1,1,1,1,1,1,1,1
176.32921904761906,176.52658866213153,63,61,1,1,1,1,1,1,1,1,1,1,1,1,1,1,1,1,1
176.30599909297052,176.503368707483,55,44,2,2,2,2,2,1,1,1,1,1,1,1,1,1,1,1,1
176.03896961451247,176.25955918367347,53,55,1,1,1,1,1,1,1,1,1,1,2,2,2,2,1,1,1,1,1
175.92286984126986,176.35243900226757,61,72,1,1,1,1,1,1,1,1,1,1,1,1,1,1,1,1,1,1,1,1,1,1,1,1,1,1,1,1,1,1,1,2,1,1,1,1,1
175.92286984126986,176.34082902494333,58,57,1,1,1,1,1,1,1,1,1,1,1,1,1,1,1,1,1,1,1,1,1,1,1,1,1,1,1,1,1,1,1,1,1,1,1,1
175.9112598639456,176.3176090702948,65,72,1,1,1,1,1,1,1,1,1,1,1,1,1,1,1,1,1,1,1,1,1,1,1,1,1,1,1,1,1,1,1,1,1,1,1
175.9112598639456,176.1898993197279,56,51,1,1,1,1,1,1,2,2,2,2,2,2,2,2,2,1,1,1,1,1,1,2,2,1
175.67906031746034,175.9112598639456,56,81,1,1,1,1,1,1,2,2,2,2,2,2,1,1,1,1,1,1,1,1
175.66745034013607,175.89964988662132,64,88,1,1,1,1,1,1,1,1,1,1,1,1,1,1,1,1,1,1,1,1
175.6558403628118,175.88803990929705,52,66,1,1,1,1,1,1,1,1,1,1,1,1,1,1,1,1,1,1,1,1
175.01729160997732,175.67906031746034,56,81,1,1,1,1,1,1,1,1,1,1,1,1,1,1,1,1,1,1,1,1,1,1,1,1,1,1,1,1,1,1,1,1,1,1,1,1,1,1,1,1,1,1,1,1,1,1,1,1,1,1,1,1,1,1,1,1,1
175.00568163265308,175.29593106575965,68,51,1,1,1,1,1,1,1,1,1,1,1,1,1,1,1,1,1,1,1,1,1,1,1,1,1
175.00568163265308,175.57457052154197,62,55,1,1,1,1,1,1,1,1,1,1,1,1,1,1,1,1,1,1,1,1,1,1,1,1,1,1,1,1,1,1,1,1,1,1,1,1,1,1,1,1,1,1,1,1,1,1,1,1,1
174.57482857142855,175.55135056689343,40,57,2,1,1,1,1,1,1,1,1,1,1,1,1,1,1,1,1,1,1,1,1,1,1,1,1,1,1,1,1,1,1,1,1,1,1,1,1,1,1,1,1,1,1,1,1,1,1,1,1,1,1,1,1,1,1,1,1,1,1,1,1,1,1,1,1,1,1,1,1,1,1,1,1,1,1,1,1,1,1,1,1,1,1,1,1
174.5283886621315,175.00568163265308,62,57,1,1,1,1,1,1,1,1,1,1,1,1,1,1,1,1,1,1,1,1,1,1,1,1,1,1,1,1,1,1,1,1,1,1,1,1,1,1,1,1,1,1
174.5283886621315,175.01729160997732,56,76,1,1,1,1,1,1,1,1,1,1,1,1,1,1,1,1,1,1,1,1,1,1,1,1,1,1,1,1,1,1,1,1,1,1,1,1,1,1,1,1,1,1,1
174.3774589569161,174.97085170068027,73,69,1,1,1,1,1,1,1,1,1,1,1,1,1,1,1,1,1,1,1,1,1,1,1,1,1,1,1,1,1,1,1,1,1,1,1,1,1,1,1,1,1,1,1,1,1,1,1,1,1,1,1,1
174.35423900226758,174.505168707483,68,38,-5,1,1,1,1,1,1,1,1,1,1,1,1
174.35423900226758,174.5283886621315,56,48,1,1,1,1,1,1,1,1,1,1,1,1,1,1,1
174.30779909297053,174.5283886621315,62,56,1,1,1,1,1,1,1,1,1,1,1,1,1,1,1,1,1,1,1
173.92466984126983,174.33101904761904,74,81,1,1,1,1,1,1,1,1,1,1,1,1,1,1,2,2,2,2,2,2,2,2,2,2,2,2,1,1,1,1,1,1,1,1,1
173.92466984126983,174.38906893424036,66,70,1,1,1,1,1,1,1,1,1,1,1,1,1,1,1,1,1,1,1,1,1,1,1,1,1,1,1,1,1,1,1,1,1,1,1,1,1,1,1,1
173.92466984126983,174.30779909297053,62,51,1,1,1,1,2,2,1,1,1,1,1,1,1,1,1,1,1,1,2,2,1,1,1,1,2,2,2,1,1,1,1,1,1
173.91305986394556,174.30779909297053,57,57,1,1,1,2,2,2,2,2,2,2,1,1,1,1,1,1,1,2,2,2,2,1,1,1,1,1,1,1,1,1,1,1,1,1
173.69247029478458,173.92466984126983,66,60,1,1,1,1,1,1,1,1,1,1,1,1,1,1,1,1,1,1,1,1
173.68086031746031,173.98271972789115,78,83,1,1,1,1,1,1,1,1,1,1,1,1,1,1,1,1,1,1,1,1,1,1,1,1,1,1
173.22807120181406,173.91305986394556,57,70,1,1,1,1,1,1,1,1,1,1,1,1,1,1,1,1,1,1,1,1,1,1,1,1,1,1,1,1,1,1,1,1,1,1,1,1,1,1,2,2,2,2,2,1,1,1,1,1,1,1,1,1,1,1,1,1,1,1,1
173.2164612244898,173.69247029478458,66,75,1,1,1,1,1,1,1,1,1,1,1,1,1,1,1,1,1,1,1,1,1,1,1,1,1,1,1,1,1,1,1,1,1,1,1,1,1,1,1,1,1
173.2164612244898,173.92466984126983,62,58,1,1,1,1,1,1,1,1,1,1,1,1,1,1,1,1,1,1,1,1,1,1,1,1,1,1,1,1,1,1,1,1,1,1,1,1,1,1,1,1,1,1,1,1,1,1,1,1,1,1,1,1,1,1,1,1,1,1,1,1,1
173.04231156462583,173.181631292517,69,52,1,1,1,1,1,1,1,1,1,1,1,1
173.0307015873016,173.2164612244898,66,94,1,1,1,1,1,1,1,1,1,1,1,1,1,1,1,1
173.0307015873016,173.2164612244898,62,66,1,1,1,1,1,1,1,1,1,1,1,1,1,1,1,1
173.0307015873016,173.22807120181406,57,73,1,1,1,1,1,1,1,1,1,1,1,1,1,1,1,1,1
172.5998485260771,173.0307015873016,67,99,1,1,1,1,1,1,1,1,2,2,2,2,2,2,2,2,2,2,2,2,2,2,2,2,2,1,1,1,1,1,1,1,1,1,1,1,1,1
172.5998485260771,173.01909160997732,64,71,1,1,1,1,1,1,1,1,1,1,1,1,1,1,1,1,1,1,1,1,1,1,1,1,1,1,1,1,1,1,1,1,1,1,1,1,1
172.5998485260771,172.93782176870747,55,63,1,1,2,2,2,2,2,2,1,1,1,1,1,1,1,1,1,1,1,1,1,1,1,1,1,1,1,1,1,1
172.33281904761904,172.5998485260771,64,93,1,1,1,1,1,1,1,1,1,1,1,1,1,1,1,1,1,1,1,1,1,1,1
172.21671927437643,172.42569886621317,66,82,1,1,1,1,1,1,1,1,1,1,1,1,1,1,-5,-5,-5,-5
171.98451972789115,172.13544943310657,55,58,1,1,1,1,1,1,1,1,1,1,1,1,1
171.97290975056688,172.13544943310657,61,54,1,1,1,1,1,1,1,1,1,1,1,1,1,1
171.72910022675737,172.21671927437643,66,83,1,1,1,1,1,1,1,1,1,1,1,1,1,1,1,1,1,1,1,1,1,1,1,1,1,1,1,1,1,1,1,1,1,1,1,1,4,4,4,4,4,1
171.7174902494331,171.97290975056688,61,48,1,1,1,1,1,1,1,1,1,1,1,1,1,1,1,1,1,1,1,1,1,1
171.25309115646257,171.72910022675737,67,91,1,1,1,1,1,1,1,1,1,1,1,1,1,1,1,1,1,1,2,2,2,1,1,1,1,1,1,1,1,1,1,1,1,1,1,1,1,1,1,1,1
171.25309115646257,171.4388507936508,62,44,1,1,1,1,1,1,1,1,1,1,1,1,1,1,1,1
171.25309115646257,171.50851065759636,57,58,1,1,1,1,1,1,1,1,2,2,1,1,1,1,1,1,1,1,1,1,1,1
171.04411156462587,171.624610430839,64,68,1,1,1,1,1,1,1,1,1,1,1,1,1,1,1,1,1,1,1,1,1,1,1,1,1,1,1,1,1,1,1,1,1,1,1,1,1,1,1,1,1,1,1,1,1,1,1,1,1,1
170.8222380952381,171.25309115646257,57,70,1,1,1,1,1,1,1,1,1,1,1,1,1,1,1,1,1,1,1,1,1,1,1,1,1,1,1,1,1,1,1,1,1,1,1,1,1,1
170.6016485260771,171.17182131519274,66,80,-1,1,1,1,1,1,1,1,1,1,1,1,1,1,1,1,1,1,1,1,1,1,1,1,1,1,1,1,1,1,1,1,1,1,1,1,1,1,1,1,1,1,-5,1,1,1,1,-5,-5,-5
170.5435986394558,170.9976716553288,62,54,1,1,1,1,1,1,1,1,1,1,1,2,2,2,2,1,1,1,1,1,1,1,1,1,1,1,1,1,1,1,1,1,2,2,1,1,1,1,1,1
170.5435986394558,170.8222380952381,57,67,1,1,1,1,1,2,2,2,2,2,1,1,1,1,2,2,2,2,1,1,1,1,1,1
170.36944897959185,170.6016485260771,65,98,1,1,1,1,1,1,1,1,1,1,1,1,1,1,1,1,1,1,1,1
169.9166598639456,170.31139909297053,55,62,1,1,1,1,1,1,1,1,1,1,1,1,1,1,1,1,1,1,1,1,1,1,1,1,1,1,1,1,1,1,1,1,1,1
169.90504988662133,170.508768707483,61,81,1,1,1,1,1,1,1,1,1,1,1,1,1,1,1,1,1,1,1,1,1,1,1,1,1,1,1,1,1,1,1,1,1,1,1,1,1,1,1,1,1,1,1,1,1,1,1,1,1,1,1,1
169.28972108843539,169.9166598639456,55,70,1,1,1,1,1,1,1,1,1,1,1,1,1,1,1,1,1,1,1,1,1,1,1,1,1,1,1,1,1,1,1,1,1,1,1,1,1,1,1,1,1,1,1,1,1,1,1,1,1,1,1,1,1,1
169.28972108843539,169.83539002267574,39,73,2,1,1,1,1,1,1,1,1,1,1,1,1,1,1,1,1,1,1,1,1,1,1,1,1,1,1,1,1,1,1,1,1,1,1,1,1,1,1,1,1,1,1,1,1,1,1
169.26650113378687,169.5103106575964,65,60,2,1,1,1,1,1,1,1,1,1,1,1,1,1,1,1,1,1,1,1,1
169.06913151927438,169.80056009070296,70,64,1,1,1,1,1,1,1,1,1,1,1,1,1,1,1,1,1,1,1,1,1,1,1,1,1,1,1,1,1,1,1,1,1,1,1,1,1,1,1,1,1,1,1,1,1,1,1,1,1,1,1,1,1,1,1,1,1,1,1,1,1,1,1
169.05752154195014,169.90504988662133,61,70,1,1,1,1,1,1,1,1,1,1,1,1,1,1,1,1,1,1,1,1,1,1,1,1,1,1,1,1,1,1,1,1,1,1,1,1,1,1,1,1,1,1,1,1,1,1,1,1,1,1,1,1,1,1,1,1,1,1,1,1,1,1,1,1,1,1,1,1,1,1,1,1,1
168.61505850340134,169.04591156462587,65,74,1,1,1,1,1,1,1,1,1,1,1,1,1,1,1,1,1,1,1,1,1,1,1,1,2,2,2,2,2,2,2,2,2,2,2,2,2,2
168.6034485260771,169.0343015873016,77,45,2,2,1,1,1,1,1,1,1,1,1,1,1,1,1,1,1,1,1,1,1,1,1,1,1,1,1,1,1,2,1,1,1,1,1,2,2,2
168.6034485260771,169.02269160997733,72,72,1,1,1,1,1,1,1,1,1,1,1,1,1,1,1,1,1,2,2,2,2,2,1,1,1,1,1,1,1,1,2,2,2,1,1,2,2
168.6034485260771,168.77759818594103,56,52,1,1,1,1,1,1,1,1,1,1,1,1,1,1,1
168.40607891156463,168.61505850340134,65,93,1,1,1,1,1,1,1,1,1,1,1,1,1,1,1,1,1,1
168.39446893424036,168.6034485260771,77,65,-2,1,1,1,1,1,1,1,1,1,1,1,1,1,1,1,1,2
167.91845986394557,168.32480907029478,56,74,1,1,1,1,1,1,1,1,1,1,1,1,1,1,1,1,1,1,1,1,1,1,1,1,1,1,1,1,1,1,1,1,1,1,1
167.74431020408164,168.40607891156463,65,95,1,1,1,1,1,1,1,1,1,1,1,1,1,1,1,1,1,1,1,1,1,1,1,1,1,1,1,1,1,1,1,1,1,1,1,1,1,1,1,1,1,1,1,1,1,1,1,1,1,1,1,1,1,1,1,1,1
167.73270022675737,168.30158911564627,61,64,1,1,1,1,1,1,1,1,1,1,1,1,1,1,1,1,1,1,1,1,1,1,1,1,1,1,1,1,1,1,1,1,1,1,1,1,1,1,1,1,1,1,1,1,1,1,1,1,1
167.73270022675737,167.91845986394557,56,46,1,1,1,1,1,1,1,1,1,1,1,1,1,1,1,1
167.30313106575963,167.69787029478456,63,82,1,1,1,1,1,1,1,1,1,1,1,1,1,1,1,1,1,1,1,1,1,1,1,1,1,1,1,1,1,1,1,1,1,1
167.29152108843536,167.55855056689342,54,52,1,1,1,1,2,2,2,2,2,2,1,1,1,1,1,1,1,1,1,1,1,1,1
167.27991111111112,167.74431020408164,66,87,1,1,1,1,1,1,1,1,1,1,1,1,1,1,1,1,1,1,1,1,1,1,1,1,1,1,1,1,1,1,1,1,1,1,1,1,1,1,1,-2
167.04771156462584,167.30313106575963,63,91,1,1,1,1,1,1,1,1,1,1,1,1,1,1,1,1,1,1,1,1,1,1
166.72134829931974,167.0012716553288,45,63,1,1,1,1,1,1,1,1,1,1,1,1,1,1,1,1,1,1,1,1,1,1,2,2,2
166.66329841269842,166.89678185941042,54,51,1,1,1,1,1,1,1,1,1,1,1,1,1,1,1,1,1,1,1,1,1
166.53558866213152,166.72134829931974,45,53,1,1,1,1,1,1,1,1,1,1,1,2,1,1,1,1
166.4194888888889,167.2450811791383,65,84,1,1,1,1,1,1,1,1,1,1,1,1,1,1,1,1,1,1,1,1,1,1,1,1,1,1,1,1,1,1,1,1,1,1,1,1,1,1,1,1,1,1,1,1,1,1,1,1,1,1,1,1,1,1,1,2,-5,-5,-5,-5,-5,-5,-5,-5,-5,-5,-5,-5,-5,-5,-5,-5
166.4194888888889,166.98966167800452,60,57,1,1,1,1,1,1,1,1,1,1,1,1,1,1,1,1,1,1,1,1,1,1,1,1,1,1,1,1,1,1,1,1,1,1,1,1,1,1,1,1,1,1,1,1,1,1,1,1,1,1
165.9783097505669,166.3846589569161,63,74,1,1,1,1,1,1,1,1,1,1,1,1,1,1,1,1,1,1,1,1,1,1,1,1,1,1,1,1,1,1,1,1,1,1,1
165.96669977324265,166.4194888888889,66,90,1,1,1,1,1,1,1,1,1,1,1,1,1,1,1,1,1,1,1,1,1,1,1,1,1,1,1,1,1,1,1,1,1,1,1,1,1,1,1
165.96669977324265,166.16406938775512,56,57,1,1,1,1,1,1,1,1,1,1,1,1,1,1,1,1,1
165.75772018140592,165.9783097505669,63,83,1,1,1,1,1,1,1,1,1,1,1,1,1,1,1,1,1,1,1
165.45586077097508,165.67645034013606,56,57,1,1,1,1,1,1,1,1,1,1,1,1,1,1,1,1,1,1,1
165.2933210884354,165.76933015873016,65,94,1,2,2,2,2,1,1,1,1,1,1,1,1,1,1,1,1,1,1,1,1,1,1,1,1,1,1,1,1,1,1,1,1,1,1,1,1,2,2,2,2
165.2933210884354,165.67645034013606,61,68,1,1,1,1,1,1,1,1,1,1,1,1,1,1,1,1,1,1,1,1,1,1,1,1,1,1,1,1,1,1,1,1,1
165.24688117913834,165.45586077097508,56,58,1,1,1,1,1,1,1,2,2,2,2,1,1,1,1,1,1,1
165.08434149659865,165.2933210884354,63,82,1,1,1,1,1,1,1,1,1,1,1,1,1,1,1,1,1,1
164.65348843537413,165.04951156462585,62,65,1,1,1,1,1,1,1,1,1,1,1,1,1,1,1,1,1,1,1,1,1,1,1,1,1,1,1,1,1,1,1,1,1,1,1
164.65348843537413,164.85085804988663,56,67,1,1,1,1,2,2,1,1,1,1,1,1,1,1,1,1,1
164.63026848072562,165.0030716553288,65,61,1,1,1,1,1,2,2,1,1,1,1,1,1,1,1,1,1,1,1,1,1,1,1,1,1,1,1,1,1,1,1,1,1
164.43289886621315,165.1540013605442,67,51,1,1,1,1,1,1,1,1,1,1,1,1,1,1,1,1,1,1,-5,-4,-4,-4,-4,-4,-4,-5,-5,1,1,1,1,1,1,2,1,1,1,1,1,1,1,1,1,1,1,1,1,1,1,1,1,1,1,1,1,1,1,1,1,1,1,1,1
164.42128888888888,164.65348843537413,62,53,1,1,1,1,1,1,1,1,1,1,1,1,1,1,1,1,1,1,1,1
163.99171972789114,164.54899863945576,41,61,1,1,1,1,1,1,1,1,1,1,1,1,1,1,1,1,1,1,1,1,1,1,1,1,1,1,1,1,1,1,1,1,1,1,1,1,1,1,1,1,1,1,1,1,1,1,1,1
163.96849977324263,164.2239192743764,56,62,1,1,1,1,1,1,1,1,1,1,1,1,1,1,1,1,1,1,1,1,1,1
163.32995102040815,164.42128888888888,65,79,1,1,1,1,1,1,1,1,1,1,1,1,1,1,1,1,1,1,1,1,1,1,1,1,1,1,1,1,1,1,1,1,1,1,1,1,1,1,1,1,1,1,1,1,1,1,1,1,1,1,1,1,1,1,1,1,1,1,1,1,1,1,1,1,1,1,1,1,1,1,1,1,1,1,1,1,1,1,1,1,1,1,1,1,1,1,1,1,1,1,1,1,1,1
163.32995102040815,163.58537052154193,62,60,1,1,1,1,1,1,1,1,1,1,1,1,1,1,1,1,1,1,1,1,1,1
163.30673106575964,163.55054058956915,56,66,1,1,1,1,1,1,1,1,1,1,1,1,1,1,1,1,1,1,1,1,1
163.14419138321995,163.32995102040815,65,76,1,1,1,1,1,1,1,1,1,1,1,1,1,1,1,1
163.0977514739229,163.34156099773242,77,69,1,1,1,1,1,1,1,1,1,1,1,1,1,1,1,1,1,1,1,1,1
162.6668984126984,163.06292154195012,62,65,1,1,1,1,1,1,1,1,1,1,1,1,1,1,1,1,1,1,1,1,1,1,1,1,1,1,1,1,1,1,1,1,1,1,1
162.65528843537416,162.95843174603175,56,72,1,1,1,1,1,1,1,1,1,1,1,1,1,1,1,1,1,1,1,1,1,1,1,1,1,1,1
162.44630884353742,163.14419138321995,65,92,1,1,1,1,1,1,1,1,1,1,1,1,1,1,1,1,1,1,1,1,1,1,1,1,1,1,1,1,1,1,1,1,1,1,1,1,1,1,1,1,1,1,1,1,1,1,1,1,1,1,1,1,1,1,1,1,1,1,1,1,1
162.02834965986395,162.33020907029479,68,36,1,1,1,1,1,1,1,1,1,1,1,1,1,1,1,1,1,1,1,1,1,1,1,1,1,1
162.02834965986395,162.34181904761905,56,78,1,1,1,1,1,1,1,1,1,1,1,1,1,1,1,1,1,1,1,1,1,1,1,1,1,1,1
161.77293015873016,162.39986893424037,63,71,2,1,1,1,1,1,1,1,1,1,1,1,1,1,1,1,1,1,1,1,1,1,1,1,1,1,1,1,1,1,1,1,1,1,1,1,1,1,1,1,1,1,1,1,1,1,1,1,1,1,1,1,1,1
161.77293015873016,162.37664897959183,60,64,1,1,1,1,1,1,1,1,1,1,1,1,1,1,1,1,1,1,1,1,1,1,1,1,1,1,1,1,1,1,1,1,1,1,1,1,1,1,1,1,1,1,1,1,1,1,1,1,1,1,1,1
161.7613201814059,162.35342902494332,72,74,1,1,1,1,1,1,1,1,2,1,1,1,1,1,1,1,1,1,1,1,1,1,1,1,1,1,1,1,1,1,1,1,1,1,1,1,1,1,1,1,1,1,1,1,1,1,1,1,1,1,1
161.74971020408162,162.1444494331066,41,54,1,1,1,1,1,1,1,1,1,1,1,1,1,1,1,1,1,1,1,1,1,1,1,1,1,1,1,1,1,1,1,1,1,1
161.3549709750567,161.56395056689342,63,49,1,1,1,1,1,1,1,1,1,1,1,1,1,1,1,1,1,1
161.3549709750567,161.68005034013606,56,92,1,1,1,1,1,1,1,1,1,1,1,1,1,1,1,1,1,1,1,1,1,1,1,1,1,1,1,1
161.11116145124717,161.45946077097506,72,81,1,1,1,1,2,1,1,1,1,1,1,1,1,1,1,1,1,1,1,1,1,1,1,1,1,1,1,1,1,1
160.69191836734694,161.11116145124717,75,79,1,1,1,1,1,1,1,1,1,1,1,1,1,1,1,1,1,1,1,1,1,1,1,1,1,1,1,1,1,1,1,1,1,1,1,1,1
160.69191836734694,160.90089795918368,63,53,1,1,1,1,1,1,1,1,1,1,1,1,1,1,1,1,1,1
160.44810884353743,160.66869841269843,72,72,4,1,1,1,1,1,1,1,1,1,1,1,1,1,1,1,1,1,1
160.00692970521544,160.44810884353743,73,98,1,1,1,1,1,1,1,1,1,1,1,1,2,2,2,2,2,2,2,1,1,1,1,1,1,1,1,1,1,1,1,1,1,1,1,1,1,1
159.36838095238096,159.5077006802721,68,63,1,1,1,1,1,1,1,1,1,1,1,1
159.3567709750567,159.83278004535148,64,50,1,1,1,1,1,1,1,1,1,1,1,1,1,1,1,1,1,1,1,1,1,1,1,1,1,1,1,1,1,1,1,1,1,1,1,1,1,1,1,1,1
159.34516099773245,159.85600000000002,58,67,1,1,1,1,1,1,1,1,1,1,1,1,1,1,1,1,1,1,1,1,1,1,1,1,1,1,1,1,1,1,1,1,1,1,1,1,1,1,1,1,1,1,1,1
158.68210839002268,159.34516099773245,58,55,1,1,1,1,1,1,1,1,1,1,1,1,1,1,1,1,1,1,1,1,1,1,1,1,1,1,1,1,1,1,1,1,1,1,1,1,1,1,1,1,1,1,1,1,1,1,1,1,1,1,1,1,1,1,1,1,1,1
158.05516961451247,158.24092925170066,68,63,1,1,1,1,1,1,1,1,1,1,1,1,1,1,1,1
158.05516961451247,158.55439863945577,64,55,1,1,1,1,1,1,1,1,1,1,1,1,1,1,1,1,1,1,1,1,1,1,1,1,1,1,1,1,1,1,1,1,1,1,1,1,1,1,1,1,1,1,1
158.05516961451247,158.60083854875282,58,56,1,1,1,1,1,1,1,1,1,1,1,1,1,1,1,1,1,1,1,1,1,1,1,1,1,1,1,1,1,1,1,1,1,1,1,1,1,1,1,1,1,1,1,1,1,1,1
157.82297006802722,159.28711111111113,75,70,1,1,1,1,1,1,1,1,1,1,1,1,1,1,1,1,1,1,1,1,1,1,1,1,1,1,2,2,2,1,1,1,1,1,1,1,1,1,1,1,1,1,1,1,1,1,1,1,1,1,1,1,1,1,1,1,1,1,1,1,1,1,1,1,1,1,1,1,1,1,1,1,1,1,1,1,1,1,1,1,1,1,1,1,1,1,1,1,1,1,1,1,1,1,1,1,1,1,1,1,1,1,1,1,1,1,1,1,1,1,1,1,1,1,1,1,1,1,1,1,1,1,1,1,1,1,1
157.4746707482993,158.05516961451247,64,57,1,1,1,1,1,1,1,1,1,1,1,1,1,1,1,1,1,1,1,1,1,1,1,1,1,1,1,1,1,1,1,1,1,1,1,1,1,1,1,1,1,1,1,1,1,1,1,1,1,1
157.4514507936508,158.4266888888889,30,54,2,2,2,2,2,2,2,2,2,2,1,1,1,1,1,1,1,1,1,1,1,1,1,1,1,1,1,1,1,1,1,1,1,1,1,1,1,1,1,1,1,1,1,1,1,1,1,1,1,1,1,1,1,1,2,2,2,2,2,2,2,2,1,1,1,1,1,1,1,1,1,1,1,1,1,1,1,1,1,1,1,1,1,1
157.34696099773242,157.79975011337868,58,70,1,1,1,1,1,1,1,1,1,1,1,1,1,1,1,1,1,1,1,1,1,1,1,1,1,1,1,1,1,1,1,1,1,1,1,1,1,1,1
157.16120136054423,157.82297006802722,75,75,1,1,1,1,1,1,1,1,1,1,1,1,1,1,1,1,1,1,1,1,1,1,1,1,1,1,1,1,1,1,1,1,1,1,1,1,1,1,1,1,1,1,1,1,1,1,1,1,1,1,1,1,1,1,1,1,1
157.16120136054423,157.4746707482993,64,67,1,1,1,1,1,1,1,1,1,1,1,1,1,1,1,1,1,1,1,1,1,1,1,1,1,1,1
157.16120136054423,157.34696099773242,58,53,1,1,1,1,1,1,1,1,1,1,1,1,1,1,1,1
156.70712834467122,157.12637142857142,76,78,1,1,1,1,1,1,1,1,1,1,1,1,1,1,1,1,1,1,1,1,1,1,1,1,1,1,1,1,1,1,1,1,1,1,1,1,1
156.70712834467122,157.16120136054423,64,78,1,1,1,1,1,1,1,1,1,1,1,1,1,1,1,1,1,1,1,1,1,1,1,1,1,1,1,1,1,1,1,1,1,1,1,1,1,1,1,1
156.68390839002268,156.86966802721088,56,50,1,1,1,2,2,2,2,1,1,1,1,1,1,1,1,1
156.521368707483,157.03349160997732,59,48,2,1,1,1,1,1,1,1,1,1,1,1,1,1,1,1,1,1,1,1,1,1,1,1,1,1,1,1,1,1,1,1,1,1,1,1,1,1,1,1,1,1,1,1,1
156.49814875283448,157.12637142857142,73,73,1,1,1,1,1,1,1,1,1,1,1,1,1,1,1,1,1,1,1,1,1,1,1,1,1,1,1,1,1,1,1,1,1,1,1,1,1,1,1,1,1,1,1,1,1,1,1,1,1,1,1,1,1,1,1
156.49814875283448,156.70712834467122,64,73,1,1,1,1,1,1,1,1,1,1,1,1,1,1,1,1,1,1
156.03374965986396,156.34721904761906,56,70,1,1,1,1,1,1,1,1,1,1,1,1,1,1,1,1,1,1,1,1,1,1,1,1,1,1,1
156.0221396825397,156.4865387755102,37,79,1,1,1,1,1,1,1,1,1,1,1,1,1,1,1,1,1,1,1,1,1,1,1,1,1,1,2,2,2,2,2,2,2,2,2,2,2,2,2,2
155.84799002267573,156.47492879818594,75,72,1,1,1,1,1,1,1,1,1,1,1,1,1,1,1,1,1,1,1,1,1,1,1,1,1,1,1,1,1,1,1,1,1,1,1,1,1,1,1,2,2,2,2,1,1,1,1,1,1,1,1,1,1,1
155.37198095238097,155.6041804988662,64,74,1,1,1,1,1,1,1,1,1,1,1,1,1,1,1,1,1,1,1,1
155.3603709750567,155.84799002267573,76,77,1,1,1,1,1,1,1,1,1,1,1,1,1,1,1,1,1,1,1,1,1,1,1,1,1,1,1,1,1,1,1,1,1,1,1,1,1,1,1,1,1,-2
155.1397814058957,155.34876099773243,73,66,1,1,1,1,1,1,1,1,1,1,1,1,1,1,1,1,1,1
154.7321482993197,155.77833015873017,37,75,1,2,2,1,1,2,2,2,1,2,2,2,2,1,1,1,2,2,2,1,1,1,2,2,1,1,1,1,1,1,1,1,1,1,1,1,1,1,1,1,1,1,1,1,1,1,1,1,1,1,1,1,1,1,1,1,1,1,1,1,1,1,1,1,1,1,1,1,1,1,1,1,1,1,1,1,1,1,1,1,1,1,1,1,1,1,1,1,1,1,1
154.69731836734692,155.2674911564626,75,74,1,1,1,1,1,1,1,1,1,1,1,1,1,1,2,2,2,2,1,1,1,1,1,1,1,1,1,1,1,1,1,1,1,1,1,1,1,1,1,1,1,1,1,1,1,1,1,1,1,1
154.69731836734692,155.0120716553288,56,75,1,1,1,1,1,1,1,1,1,1,1,1,1,1,1,1,1,1,1,1,1,1,1,1,1,1,1,1
154.47672879818592,154.68570839002265,73,86,1,1,1,1,1,1,1,1,1,1,1,1,1,1,1,1,1,1
154.0471596371882,154.2096993197279,68,60,1,1,1,1,1,1,1,1,1,1,1,1,1,1
154.03554965986393,154.47672879818592,75,85,1,1,1,1,1,1,1,1,1,1,1,1,1,1,1,1,1,1,1,1,1,1,1,1,1,1,1,1,1,1,1,1,1,1,2,1,1,1
154.03554965986393,154.2329192743764,63,47,1,1,1,1,1,1,1,1,1,1,1,1,1,1,1,1,1
153.79174013605441,154.10520952380952,73,95,1,1,1,1,1,1,1,1,1,1,1,1,1,1,1,2,2,2,2,2,1,1,1,1,1,1,1
153.40861088435372,153.7336902494331,61,57,1,1,1,1,1,1,1,1,1,1,1,1,1,1,1,1,1,1,1,1,1,1,1,1,1,1,1,1
153.39700090702948,153.76852018140588,58,65,1,1,1,1,1,1,1,1,1,1,1,1,1,1,1,1,1,1,1,1,1,1,1,1,1,1,1,1,1,1,1,1
153.3853909297052,153.94266984126983,44,69,1,1,1,1,1,1,1,1,1,1,1,1,1,1,1,1,1,1,1,1,1,1,1,1,1,1,1,1,1,1,1,1,1,1,1,1,1,1,1,1,1,1,1,1,1,1,1,1
152.10700952380952,152.3624290249433,53,47,1,1,1,1,1,1,1,1,1,1,1,1,1,1,1,1,1,1,1,1,1,1
152.10700952380952,152.96743174603174,41,64,1,1,1,1,1,1,1,1,1,1,1,1,1,1,1,1,1,1,1,1,1,1,1,1,1,1,1,1,1,1,1,1,1,1,1,1,1,1,1,1,1,1,1,1,1,1,1,1,1,1,1,1,1,1,1,1,1,1,1,1,1,1,1,1,1,1,1,1,1,1,1,1,1,1,1
152.09539954648525,152.304379138322,68,66,1,1,1,1,1,1,1,1,1,1,1,1,1,1,1,1,1,1
152.09539954648525,152.53657868480727,65,46,1,1,1,1,1,1,1,1,1,1,1,1,1,1,1,1,1,1,1,1,1,1,1,1,1,1,1,1,1,1,1,1,1,1,1,1,1,1
152.09539954648525,152.68750839002269,61,73,1,1,1,1,1,1,1,1,1,1,1,1,1,1,1,1,1,1,1,1,1,1,1,1,1,1,1,1,1,1,1,1,1,1,1,1,1,1,1,1,1,1,1,1,1,1,1,1,1,1,1
151.4568507936508,151.90963990929706,66,70,1,1,1,1,1,1,1,1,1,1,1,1,1,1,1,1,1,1,1,1,1,1,1,1,1,1,1,1,1,1,1,1,1,1,1,1,1,1,1
151.4568507936508,151.94446984126984,61,48,1,1,1,1,1,1,1,1,1,1,1,1,1,1,1,1,1,1,1,1,1,1,1,1,1,1,1,1,1,1,1,1,1,1,1,1,1,1,1,1,1,1
151.4568507936508,152.68750839002269,58,58,2,2,1,1,1,1,1,1,1,1,1,1,1,1,1,1,1,1,1,1,1,1,1,1,1,1,1,1,1,1,1,1,1,1,1,1,1,1,1,1,1,1,1,1,1,1,1,1,1,1,1,1,1,1,1,1,1,1,1,1,1,1,1,1,1,1,1,1,1,1,1,1,1,1,1,1,1,1,1,1,1,1,1,1,1,1,1,1,1,1,1,1,1,1,1,1,1,1,1,1,1,1,1,1,1,1
151.30592108843538,151.4568507936508,58,59,1,1,1,1,1,1,1,1,1,1,1,1,1
151.28270113378684,151.4568507936508,66,85,1,1,1,1,1,1,1,1,1,1,1,1,1,1,1
151.28270113378684,152.01412970521542,63,59,1,1,1,1,1,1,1,1,1,1,1,1,1,1,1,1,1,1,1,1,1,1,1,1,1,1,1,1,1,1,1,1,1,1,1,1,1,1,1,1,1,1,1,1,1,1,1,1,1,1,1,1,1,1,1,1,1,1,1,1,1,1,1
150.82862811791384,151.37558095238094,73,82,1,1,1,1,1,1,1,1,1,1,1,1,1,1,1,1,1,1,1,1,1,1,1,1,1,1,1,1,1,1,1,1,1,1,1,1,1,1,1,1,1,1,1,1,1,1,1,1
150.82862811791384,150.97955782312926,66,46,1,1,1,1,1,1,1,1,1,1,1,1,1
150.82862811791384,151.4568507936508,61,54,1,1,1,1,1,1,1,1,1,1,1,1,1,1,1,1,1,1,1,1,1,1,1,1,1,1,1,1,1,1,1,1,1,1,1,1,1,2,2,2,2,2,2,1,1,1,1,1,1,1,1,1,1,1,1
150.81701814058957,151.0156716553288,58,47,2,2,2,1,1,1,1,1,1,2,1,1,1,1,1,1,1,-1
150.81701814058957,151.92124988662133,39,80,1,1,1,1,1,1,1,1,1,1,1,1,1,1,1,1,1,1,1,1,1,1,1,1,1,1,1,1,1,1,1,1,1,1,1,1,1,1,2,2,2,2,2,1,1,1,1,1,1,1,1,1,1,1,1,1,1,1,1,1,1,1,1,1,1,1,1,1,1,1,1,1,1,1,1,1,1,1,1,1,1,1,1,1,1,1,1,1,1,1,1,1,1,1,1,1
150.46871882086168,150.6893083900227,85,48,1,1,1,1,1,1,1,1,1,1,1,1,1,1,1,1,1,1,1
150.46871882086168,150.82862811791384,73,87,1,1,1,1,1,1,1,1,1,1,1,1,1,1,1,1,1,1,1,1,1,1,1,1,1,1,1,1,1,1,1
150.16685941043085,150.3642290249433,56,55,1,1,1,1,1,1,1,1,1,1,1,1,1,1,1,1,1
150.15524943310658,150.35261904761907,37,65,1,1,1,2,2,2,2,2,2,2,2,2,2,1,1,1,1
150.03914965986397,150.3410090702948,74,59,1,1,1,1,1,1,1,1,1,1,1,1,1,1,1,1,1,1,1,1,1,1,1,1,1,1
149.70246031746032,149.85339002267574,56,60,1,1,1,1,1,1,1,1,1,1,1,1,1
149.56314058956917,150.03914965986397,75,54,1,1,1,1,1,1,1,1,1,1,1,1,1,1,1,1,1,1,1,1,1,1,1,1,1,1,1,1,1,1,1,1,1,1,1,1,1,1,1,1,1
149.56314058956917,150.00431972789116,65,71,2,1,1,1,1,1,1,1,1,1,1,1,1,1,1,1,1,1,1,1,1,1,1,1,1,1,1,1,1,1,1,1,1,1,1,1,1,1
149.5515306122449,149.70246031746032,56,72,1,1,1,1,1,1,1,1,1,1,1,1,1
149.53992063492063,149.94626984126987,61,51,1,1,1,1,1,1,1,1,1,1,1,1,1,1,1,1,1,1,1,1,1,1,1,1,1,1,1,1,1,1,1,1,1,1,1
149.5283106575964,150.15524943310658,37,83,2,1,1,1,2,2,2,1,1,1,1,1,1,1,1,1,1,1,1,1,1,1,1,1,1,1,1,1,1,1,1,1,1,1,1,1,1,1,1,1,1,1,1,1,1,1,1,1,1,1,1,1,1,1
149.11035147392292,149.3657709750567,89,42,1,2,2,2,2,2,2,2,2,2,2,2,2,2,2,2,2,2,2,2,2,2
149.11035147392292,149.37738095238097,77,55,1,1,1,2,2,2,2,2,1,1,1,1,1,1,1,1,1,1,1,1,1,-2,-2
148.86525804988662,149.41221088435375,64,62,1,1,1,1,1,1,1,1,1,1,1,1,1,1,1,1,1,1,1,1,1,1,1,1,1,1,1,1,1,1,1,1,1,1,1,1,1,1,1,1,1,1,1,1,1,1,1,1
148.86525804988662,149.42382086167802,60,72,1,1,1,1,1,1,1,1,1,1,1,1,1,1,1,1,1,1,1,1,1,1,1,1,1,1,1,1,1,1,1,1,1,1,1,1,1,1,1,1,1,1,1,1,1,1,1,1,1
148.86525804988662,149.01747165532882,54,57,1,1,1,2,2,2,1,1,1,1,1,1,1,1
148.70271836734693,149.08713151927438,76,75,1,1,1,1,1,1,1,1,1,1,1,1,1,1,1,1,1,1,1,1,1,1,1,1,1,1,1,1,1,1,1,1,1,1
148.2731492063492,148.54017868480724,44,37,-2,1,1,1,1,1,1,1,1,1,1,1,1,1,1,1,1,1,1,1,1,1,1
148.24992925170068,148.65627845804988,75,71,1,1,1,1,1,1,1,1,1,1,1,1,1,1,1,1,1,1,1,1,1,1,1,1,1,1,1,1,1,1,1,1,1,1,1
148.24992925170068,148.47051882086168,63,49,1,1,1,1,1,1,1,1,1,1,1,1,1,1,1,1,1,1,1
148.24992925170068,148.63305850340134,58,54,1,1,1,1,1,1,1,1,1,1,1,1,1,1,1,1,1,1,1,1,1,1,1,1,1,1,1,1,1,1,1,1,1
148.24992925170068,148.59822857142856,51,52,1,1,1,1,1,1,1,1,1,1,1,1,1,1,1,1,1,1,1,1,1,1,1,1,1,1,1,1,1,1
147.86679999999998,148.19187936507936,72,79,1,1,1,1,1,1,1,1,1,1,1,1,1,1,1,1,1,1,1,1,1,1,1,1,1,1,1,1
147.59977052154196,147.8087501133787,58,69,1,1,1,1,1,1,1,1,1,1,1,1,1,1,1,1,1,1
147.43723083900227,147.77392018140588,82,50,1,1,1,2,1,1,1,1,1,1,1,1,1,1,1,1,1,1,1,1,1,1,1,1,1,1,1,1,1
147.43723083900227,148.15704943310658,70,64,1,1,1,1,1,1,1,1,1,1,1,1,1,1,1,1,1,1,1,1,1,1,1,1,1,1,1,1,1,1,1,1,1,1,1,1,1,1,1,1,1,1,1,1,1,1,1,1,1,1,1,1,1,1,1,1,1,1,1,1,1,1
146.95993786848072,147.34435102040817,60,60,1,1,1,1,1,1,1,1,1,1,1,1,1,1,1,1,1,1,1,1,1,1,1,1,1,1,1,1,1,1,1,1,1,1
146.94832789115648,147.29791111111112,54,40,2,2,1,1,1,1,1,1,1,1,1,1,1,1,1,1,1,1,1,1,1,2,2,1,1,2,2,2,2,2,2
146.9367179138322,147.32113106575963,78,74,1,1,1,1,1,1,1,1,1,1,1,1,1,1,1,1,1,1,1,1,1,1,1,1,1,1,1,1,1,1,1,1,1,1
146.76256825396825,146.92510793650794,77,80,1,1,1,1,2,2,2,2,1,1,2,2,2,2
146.60002857142857,146.8090081632653,75,81,1,1,1,1,1,1,1,1,1,1,1,1,1,1,1,1,1,1
146.46070884353742,146.76256825396825,73,73,1,1,1,1,1,1,1,1,1,1,1,1,1,1,1,1,1,1,1,1,1,1,1,1,1,1
146.44909886621315,146.60002857142857,61,66,1,1,1,1,1,1,1,1,1,1,1,1,1
146.309779138322,146.55358866213152,58,59,1,1,1,1,1,1,1,1,1,1,1,1,1,1,1,1,1,1,1,1,1
146.29816916099773,146.4374888888889,72,63,1,1,1,1,1,1,1,1,1,1,1,1
146.29816916099773,146.5651986394558,54,55,1,1,1,1,1,1,1,1,1,1,1,1,1,1,1,1,1,1,1,1,1,1,1
145.63640045351474,145.9034299319728,73,77,1,1,1,1,1,1,1,1,1,1,1,1,1,1,1,1,1,1,1,1,1,1,1
145.63640045351474,146.10079954648526,54,62,1,1,1,1,1,1,1,1,1,1,1,1,1,1,1,1,1,1,1,1,1,1,1,1,1,2,2,1,1,1,1,1,1,1,1,1,1,1,1,1
145.63640045351474,146.2168993197279,39,72,1,1,1,1,1,1,1,1,1,1,1,1,1,1,1,1,1,1,1,1,1,1,1,1,1,1,1,1,1,1,1,1,1,1,1,1,1,1,1,1,1,1,1,1,1,1,1,1,1,1
145.4042009070295,145.6828403628118,70,88,1,1,1,1,1,1,1,1,1,1,1,1,1,1,1,1,1,1,1,1,1,1,1,1
145.4042009070295,145.63640045351474,58,58,1,1,1,1,1,1,1,1,1,1,1,1,1,1,1,1,1,1,1,1
145.20683129251702,145.56674058956918,66,85,1,1,1,1,1,1,1,1,1,1,1,1,1,1,1,1,1,1,1,1,1,1,1,1,1,1,1,1,1,1,1
145.20683129251702,145.39259092970522,54,65,1,1,1,1,1,1,1,1,1,1,1,1,1,1,1,1
145.0210716553288,145.4042009070295,58,64,1,1,1,1,1,1,1,1,1,1,1,1,1,1,1,1,1,1,1,1,1,1,1,1,1,1,1,1,1,1,1,1,1
144.9965678004535,145.20683129251702,54,73,1,1,1,1,1,1,1,1,1,1,1,1,1,1,1,1,1,1,1
144.98495782312924,145.20683129251702,65,87,1,1,1,1,1,1,1,1,1,1,1,1,1,1,1,1,1,1,2,2
144.8108081632653,144.9965678004535,54,63,1,1,1,1,1,1,1,1,1,1,1,1,1,1,1,1
144.79919818594104,145.26488117913834,61,78,1,1,1,1,1,1,1,1,1,1,1,1,1,1,1,1,1,1,1,1,1,1,1,1,1,1,1,1,1,1,1,1,1,1,1,1,1,1,1,1,1
144.79919818594104,145.0210716553288,58,70,1,1,1,1,1,1,1,1,1,1,1,1,1,1,1,1,1,1,1,1
144.78758820861677,144.98495782312924,65,68,1,1,1,1,1,1,1,1,1,1,1,1,1,1,1,1,1
144.39284897959183,144.752758276644,39,60,1,1,1,1,1,1,1,1,1,1,1,1,1,1,1,1,1,1,1,1,1,1,1,1,1,1,1,1,1,1,1
144.38123900226756,144.6134385487528,54,77,2,2,1,1,1,1,1,1,1,1,1,1,1,1,1,2,2,2,2,3
144.34640907029478,144.6134385487528,58,54,1,1,1,1,1,1,1,1,1,1,1,1,1,1,1,1,1,1,1,1,1,1,1
144.17225941043083,144.3347990929705,55,78,1,1,1,1,1,1,2,2,2,2,1,1,-1,-1
144.16064943310656,144.8108081632653,70,76,1,1,1,1,1,1,1,1,1,1,1,1,1,1,1,1,1,1,1,1,1,1,1,1,1,1,1,1,1,1,1,1,1,1,1,1,1,1,1,1,1,1,1,1,1,1,1,1,1,1,1,1,1,1,1,1
143.71947029478457,144.06776961451246,71,75,1,1,1,1,1,1,1,1,1,1,1,1,1,1,1,1,1,1,1,1,1,1,1,1,1,1,1,1,1,1
143.71947029478457,143.8704,56,66,1,1,1,1,2,2,2,2,1,1,1,1,1
143.7078603174603,144.12581950113378,40,80,1,1,1,1,1,1,1,1,1,1,1,1,1,1,1,1,1,1,1,1,1,1,1,1,1,1,1,1,1,1,1,1,1,1,1,1
143.6846403628118,144.07937959183673,52,54,1,1,1,1,1,1,1,1,1,1,1,1,1,1,1,1,1,1,1,1,1,1,1,1,1,1,1,1,1,1,1,1,1,1
143.49888072562356,143.69625034013603,68,90,1,1,1,1,1,1,1,1,1,1,1,1,1,1,1,1,1
143.05770158730158,143.53371065759637,70,97,1,1,1,1,1,1,1,1,1,1,1,1,1,1,1,1,1,1,1,1,1,1,1,1,1,1,1,1,1,1,1,1,1,1,1,1,1,1,1,-5,-5
143.05770158730158,143.31312108843537,63,53,1,1,1,1,1,1,1,1,1,1,1,1,1,1,1,1,1,1,1,1,1,1
143.0460916099773,143.3015111111111,56,65,1,1,1,1,1,1,1,1,1,1,1,1,1,1,1,1,1,1,1,1,1,1
143.0460916099773,143.4872707482993,41,56,1,1,1,1,1,1,1,1,1,1,1,1,1,1,1,1,1,1,1,1,1,1,1,1,1,1,1,1,1,1,1,1,1,1,1,1,1,1
142.76616825396826,143.03448163265304,68,90,1,1,1,1,1,1,1,1,1,1,1,1,1,1,1,1,1,1,1,1,1,1,1,1
142.63845850340135,142.8126081632653,70,84,1,1,1,1,1,1,1,1,1,1,1,1,1,1,-5
142.54557868480725,142.69650839002267,72,69,1,1,1,1,1,1,1,1,1,-5,-5,-5,-5
142.44108888888888,142.63845850340135,70,61,-4,1,1,1,1,1,1,1,1,1,1,1,1,7,7,7,1
142.44108888888888,142.63845850340135,58,76,2,1,1,1,1,1,1,1,1,1,1,1,1,1,1,1,1
142.19727936507937,142.52235873015874,68,96,1,1,1,1,1,1,1,1,1,1,2,2,2,1,1,1,1,1,1,1,1,1,1,1,1,1,1,1
141.7793201814059,142.51074875283447,36,55,1,1,1,2,2,2,2,2,2,2,2,2,2,2,2,2,2,2,2,2,2,2,2,2,2,2,2,2,2,2,2,2,2,2,2,2,2,2,2,2,2,2,2,2,2,2,2,2,2,2,2,2,2,2,2,2,2,2,2,2,2,2,2
141.73288027210884,142.11600952380954,58,86,1,1,1,1,1,1,1,1,1,1,2,2,2,2,2,1,1,1,1,1,1,1,1,1,1,1,1,1,1,1,1,1,1
141.2452612244898,141.38458095238096,55,57,4,4,1,1,1,1,1,1,1,1,1,1
141.10594149659863,141.2452612244898,55,42,4,4,4,4,4,4,4,4,4,4,4,4
140.45449886621316,140.69830839002267,56,59,-1,-1,1,1,1,1,1,1,1,1,1,1,1,1,1,1,1,1,1,1,-1
140.26873922902496,140.51254875283448,72,43,-5,-5,-5,1,1,-5,1,1,1,1,1,1,-5,1,1,1,1,1,1,-5,-5
140.26873922902496,140.89567800453517,70,61,1,1,1,1,1,1,1,1,1,1,1,1,1,1,1,1,1,1,1,1,1,1,1,1,1,1,1,1,1,1,1,1,1,1,1,1,1,1,1,1,1,1,1,1,1,1,1,1,1,1,1,1,1,1
140.26873922902496,141.22204126984127,67,74,1,1,1,1,1,1,1,1,1,1,1,1,1,1,1,1,1,1,1,1,1,1,1,1,1,1,1,1,1,1,1,1,1,1,1,1,1,1,1,1,1,1,1,1,1,1,1,1,1,1,1,1,1,1,1,1,1,1,1,1,1,1,1,1,1,1,1,1,1,1,1,1,1,1,1,1,1,1,1,1,1,1,1
140.26873922902496,142.32498911564625,63,74,1,1,1,1,1,1,1,1,1,1,1,1,1,1,1,1,1,1,1,1,1,1,1,1,1,1,1,1,1,1,1,1,1,1,1,1,1,1,1,1,1,1,1,1,1,1,1,1,1,1,1,1,1,1,1,1,1,1,1,1,1,1,1,1,1,1,1,1,1,1,1,1,1,1,1,1,1,1,1,1,1,1,1,1,1,1,1,1,1,1,1,1,1,1,1,1,1,1,1,1,1,1,1,1,1,1,1,1,1,1,1,1,1,1,1,1,1,1,1,1,1,1,1,1,1,1,1,1,1,1,1,1,1,1,1,1,1,1,1,1,1,1,1,1,1,1,1,1,1,1,1,1,1,1,1,1,1,1,1,1,1,1,1,1,1,1,1,1,1,1,1,1,1,1,1,1,1,1
140.26873922902496,141.651610430839,60,64,2,1,1,2,2,2,2,2,1,1,1,1,1,1,1,1,1,1,1,1,1,1,1,1,1,1,1,1,1,1,1,1,1,1,1,1,1,1,1,1,1,1,1,1,1,1,1,1,1,1,1,1,1,1,1,1,1,1,1,1,1,1,1,1,1,1,1,1,1,1,1,1,1,1,1,1,1,1,1,1,1,1,1,1,1,4,4,1,1,1,1,1,1,1,1,1,1,1,1,1,1,1,1,1,1,1,1,1,1,1,1,1,1,1,1,1,1,1,1,1
139.8159501133787,140.26873922902496,70,69,1,1,1,1,1,1,1,1,1,1,1,1,1,1,1,1,1,1,1,1,1,1,1,1,1,1,1,1,1,1,1,1,1,1,1,1,1,1,1
139.8159501133787,140.26873922902496,63,83,1,1,1,1,1,1,1,1,1,1,1,1,1,1,1,1,1,1,1,1,1,1,1,1,1,1,1,1,1,1,1,1,1,1,1,1,1,1,1
139.80434013605444,140.04814965986395,72,50,1,1,1,1,1,1,-5,-5,1,1,1,1,-5,-5,-5,-5,-5,-5,-5,-5,-5
139.80434013605444,140.26873922902496,67,73,1,1,1,1,1,1,1,1,1,1,1,1,1,1,1,1,1,1,1,1,1,1,1,1,1,1,1,1,1,1,1,1,1,1,1,1,1,1,1,1
139.80434013605444,140.26873922902496,60,87,1,1,1,1,1,1,1,1,1,1,1,1,1,1,1,1,1,1,1,1,1,1,1,1,1,1,1,1,1,1,1,1,1,1,2,2,2,2,2,2
139.80434013605444,140.03653968253968,55,74,1,1,1,1,1,1,1,1,1,1,1,1,1,1,1,1,1,1,1,2
139.58375056689343,139.80434013605444,72,40,1,1,-5,-5,-5,-5,-5,-5,-5,-5,-5,-5,-5,-5,-5,-5,-5,1,1
139.58375056689343,139.8159501133787,70,70,1,1,1,1,1,1,1,1,1,1,1,1,1,1,1,1,1,1,1,1
139.58375056689343,139.8159501133787,63,65,1,1,1,1,1,1,1,1,1,1,1,1,1,1,1,1,1,1,1,1
139.57214058956916,139.80434013605444,67,82,1,1,1,1,1,1,1,1,1,1,1,1,1,1,1,1,1,1,1,1
139.57214058956916,139.80434013605444,60,89,1,1,1,1,1,1,1,1,1,1,1,1,1,2,2,2,2,2,1,1
139.57214058956916,139.75790022675739,44,57,2,1,1,1,1,1,1,1,1,2,2,2,2,2,1,1
139.10774149659866,139.45604081632655,72,52,1,1,1,1,1,1,1,1,1,1,1,1,1,1,1,1,1,1,1,1,1,1,1,-5,-5,-5,1,1,1,-5
139.0961315192744,139.35155102040818,75,61,1,1,1,1,1,1,1,1,1,1,1,1,1,1,1,1,1,1,1,1,1,1
139.0961315192744,139.57214058956916,67,65,1,1,1,1,1,1,1,1,1,1,1,1,1,1,1,1,1,1,1,1,1,1,1,1,1,1,1,1,1,1,1,1,1,1,1,1,1,1,1,1,1
139.0961315192744,139.58375056689343,63,63,1,1,1,1,1,1,1,1,1,1,1,1,1,1,1,1,1,1,1,1,1,1,1,1,1,1,1,1,1,1,1,1,1,1,1,1,1,1,1,1,1,1
139.0961315192744,139.32833106575964,60,55,1,1,1,1,1,1,1,1,1,1,1,1,1,1,1,1,1,1,1,1
139.0961315192744,139.44443083900228,55,59,2,2,1,1,1,1,1,1,1,1,1,1,1,1,1,1,1,1,1,1,1,1,1,1,1,1,1,1,1,1
139.0961315192744,139.35155102040818,43,62,1,1,1,1,1,1,1,1,4,4,4,4,4,4,4,4,4,4,1,1,1,4
139.08452154195012,139.58375056689343,70,54,1,1,1,1,1,1,1,1,1,1,1,1,1,1,1,1,1,1,1,1,1,1,1,1,1,1,1,1,1,1,1,1,1,1,1,1,1,1,1,1,1,1,1
138.96713786848073,139.0961315192744,43,79,1,1,1,1,1,1,1,1,1,1,1,1
138.47951882086167,139.0961315192744,67,59,1,1,1,1,1,1,1,1,1,1,1,1,1,1,1,1,1,1,1,1,1,1,1,1,1,1,1,1,1,1,1,1,1,1,1,1,1,1,1,1,1,1,1,1,1,1,1,1,1,1,1,0,1,1
138.4679088435374,138.97874784580497,64,59,1,1,1,1,1,1,1,1,1,1,1,1,1,1,1,1,1,1,1,1,1,1,1,1,1,1,1,1,1,1,1,1,1,1,1,1,1,1,1,1,1,1,1,1
138.4679088435374,138.95552789115646,61,54,1,1,1,1,1,1,1,1,1,1,1,1,1,1,1,1,1,1,1,1,1,1,1,1,1,1,1,1,1,1,1,1,1,1,1,1,1,1,1,1,1,1
138.4679088435374,138.71171836734695,55,72,1,2,2,2,2,1,1,1,1,1,1,1,1,1,1,1,1,1,1,1,1
138.45629886621316,138.60722857142858,75,61,1,1,1,1,1,1,1,1,1,1,1,1,1
138.45629886621316,138.5956185941043,70,44,1,1,1,1,1,1,1,1,1,1,1,1
138.45629886621316,139.02518775510202,51,58,2,2,1,1,1,1,1,1,1,1,1,1,1,1,1,1,1,1,1,1,1,1,1,1,1,1,1,1,1,1,1,1,1,1,1,1,1,1,1,1,1,1,1,1,1,1,1,1,1
137.91062993197278,138.1544394557823,64,61,1,1,1,1,1,1,1,1,1,1,1,1,1,1,1,1,1,1,2,2,2
137.82936009070295,138.0615596371882,67,60,1,1,1,1,1,1,1,1,1,1,1,1,1,1,1,1,1,1,1,1
137.82936009070295,138.0615596371882,61,60,1,1,1,1,1,1,1,1,1,1,1,1,1,1,1,1,1,1,1,1
137.82936009070295,138.096389569161,55,61,1,1,1,1,1,1,1,1,1,1,1,1,2,2,2,1,1,1,1,1,1,1,1
137.82936009070295,138.16604943310656,51,39,2,2,2,2,1,1,1,1,1,1,1,1,1,1,1,1,1,1,1,1,1,1,1,1,1,1,1,1,1
137.82936009070295,138.42146893424035,39,68,1,1,1,1,1,1,1,1,1,1,1,1,1,1,1,1,1,1,1,1,1,1,1,1,1,1,1,1,1,1,1,1,1,1,1,1,1,1,1,1,1,1,1,1,1,1,1,1,1,1,1
137.81775011337868,138.21248934240361,75,68,1,1,1,1,1,1,1,1,1,1,1,1,1,1,1,1,1,1,1,1,1,1,1,1,1,1,1,1,1,1,1,1,1,1
137.14437142857142,137.38818095238094,56,69,1,1,1,1,1,1,1,1,1,1,1,1,1,1,1,1,1,1,1,1,1
136.96893786848074,137.60877052154194,73,69,1,1,1,1,1,1,1,1,1,1,1,1,1,1,1,1,1,1,1,1,1,1,1,1,1,1,1,1,1,1,1,1,1,1,1,1,1,1,1,1,1,1,1,1,1,1,1,1,1,1,1,1,1,1,1,1
136.96893786848074,137.72487029478458,68,59,1,1,1,1,1,1,1,1,1,1,1,1,1,1,1,1,1,1,1,1,1,1,1,1,1,1,1,1,1,1,1,1,1,1,1,1,1,1,1,1,1,1,1,1,1,1,1,1,1,1,1,1,1,1,1,1,1,1,1,1,1,1,1,1,1,1
136.96893786848074,137.81775011337868,65,77,1,1,1,1,1,1,1,1,1,1,1,1,1,1,1,1,1,1,1,1,1,1,1,1,1,1,1,1,1,1,1,1,1,1,1,1,1,1,1,1,1,1,1,1,1,1,1,1,1,1,1,1,1,1,1,1,1,1,1,1,1,1,1,1,1,1,1,1,1,1,1,1,1,1
136.96893786848074,137.7480902494331,63,73,1,1,1,1,1,1,1,1,1,1,1,1,1,1,1,1,1,1,1,1,1,1,1,1,1,1,1,1,1,1,1,1,1,1,1,1,1,1,1,1,1,1,1,1,1,1,1,1,1,1,1,1,1,1,1,1,1,1,1,1,1,1,1,1,1,1,1,1
136.48131882086167,136.73673832199546,56,56,1,1,1,1,1,1,1,1,1,1,1,1,1,1,1,1,1,1,1,1,1,1
136.30716916099774,136.7831782312925,73,45,1,1,1,1,1,1,1,1,1,1,1,1,1,1,1,1,1,1,1,1,1,1,1,1,1,1,1,1,1,1,1,1,1,1,1,1,1,1,1,1,1
136.30716916099774,136.72512834467122,70,49,1,1,1,1,1,1,1,1,1,1,1,1,1,1,1,1,1,1,1,1,1,1,1,1,1,1,1,1,1,1,1,1,1,1,1,1
136.30716916099774,136.9224979591837,61,76,1,1,1,1,1,1,1,1,1,1,1,1,1,1,1,1,1,1,1,1,1,1,1,1,1,1,1,1,1,1,1,1,1,1,1,1,1,1,1,1,1,1,1,1,1,1,1,1,1,1,1,1,2
136.30716916099774,136.93410793650793,58,71,1,1,1,1,1,1,1,1,1,1,1,1,1,1,1,1,1,1,1,1,1,1,1,1,1,1,1,1,1,1,1,1,1,1,1,1,1,1,1,1,1,1,1,1,1,1,1,1,1,1,1,1,1,1
136.29555918367348,136.96893786848074,65,68,1,1,1,1,1,1,1,1,1,1,1,1,1,1,1,1,1,1,1,1,1,1,1,1,1,1,1,1,1,1,1,1,1,1,1,1,1,1,1,1,1,1,1,1,1,1,1,1,1,1,1,1,1,1,1,1,1,1
135.8543800453515,136.16784943310657,68,50,1,1,1,1,1,1,1,1,1,1,1,1,1,1,1,1,1,1,1,1,1,1,1,1,1,1,1
135.83116009070295,136.20267936507938,73,55,1,1,1,1,1,1,1,1,1,1,1,1,1,1,1,1,1,1,1,1,1,1,1,1,1,1,1,1,1,1,1,1
135.83116009070295,136.29555918367348,65,75,1,1,1,1,1,1,1,1,1,1,1,1,1,1,1,1,1,1,1,1,1,1,1,1,1,1,1,1,1,1,1,1,1,1,1,1,1,1,1,1
135.83116009070295,136.30716916099774,61,83,1,1,1,1,1,1,1,1,1,1,1,1,1,1,1,1,1,1,1,1,1,1,1,1,1,1,1,1,1,1,1,1,1,1,1,1,1,1,1,1,1
135.83116009070295,136.02852970521542,58,44,-1,1,1,1,1,1,1,1,1,1,1,1,1,1,1,1,1
135.81955011337868,136.16784943310657,77,59,1,1,1,1,1,1,1,1,1,1,1,1,1,1,1,1,1,1,1,1,1,1,1,1,1,1,1,1,1,1
135.41320090702948,135.83116009070295,73,52,1,1,1,1,1,1,1,1,1,1,1,1,1,1,1,1,1,1,1,1,1,1,1,1,1,1,1,1,1,1,1,1,1,1,1,1
135.41320090702948,135.72667029478458,70,51,-5,-5,-5,-5,-5,-5,-5,1,1,1,1,1,1,1,1,1,1,1,1,1,1,1,1,1,1,1,1
135.41320090702948,135.83116009070295,65,73,1,1,1,1,1,1,1,1,1,1,1,1,1,1,1,1,1,1,1,1,1,1,1,1,1,1,1,1,1,1,1,1,1,1,1,1
135.4015909297052,135.68023038548753,80,61,1,1,1,1,1,1,1,1,1,1,1,1,1,1,1,1,1,1,1,1,1,1,1,1
135.4015909297052,135.81955011337868,77,49,1,1,1,1,1,1,1,1,1,1,1,1,1,1,1,1,1,1,1,1,1,1,1,1,1,1,1,1,1,1,1,2,2,2,1,1
135.4015909297052,135.76150022675736,68,66,1,1,1,1,1,1,1,1,1,1,1,1,1,1,1,1,1,1,1,1,1,1,1,1,1,1,1,1,1,1,1
135.4015909297052,135.83116009070295,61,41,1,1,1,1,1,1,1,1,1,1,1,1,1,1,1,1,1,1,1,1,1,1,1,1,1,1,1,1,1,1,1,1,1,1,1,1,1
135.215831292517,135.4015909297052,68,57,-1,1,1,1,1,1,1,1,1,1,1,1,1,1,1,1
135.1926113378685,135.36676099773243,41,49,1,1,1,1,1,1,1,1,1,1,1,1,1,1,1
135.18100136054423,135.36676099773243,57,62,1,1,1,1,1,1,1,1,1,1,1,1,1,1,1,1
135.0055678004535,135.1926113378685,77,50,1,1,1,1,1,1,1,2,2,2,1,1,1,1,1,1,1
135.0055678004535,135.41320090702948,73,57,1,1,1,-2,-2,-2,-2,-1,-1,-1,1,1,1,1,1,1,1,1,1,-1,1,1,1,1,1,1,1,1,1,1,1,1,1,1,1,1
135.0055678004535,135.215831292517,68,66,1,1,1,1,1,1,1,1,1,1,1,1,1,1,1,1,1,1,1
134.541168707483,134.79658820861678,56,59,1,1,1,1,1,1,1,1,1,1,1,1,1,1,1,1,1,1,1,1,1,1
134.33218911564626,134.9475179138322,70,70,1,1,1,1,1,1,1,1,1,1,1,1,1,1,1,1,1,1,1,1,1,1,1,1,1,1,1,1,1,1,1,1,1,1,1,1,1,1,1,1,1,1,1,1,1,1,1,1,1,1,1,1,1
134.320579138322,134.5992185941043,77,39,1,1,1,1,1,1,1,1,1,1,1,1,1,1,1,1,1,1,1,1,1,1,1,1
134.320579138322,134.7849782312925,73,61,1,1,1,1,1,1,1,1,1,1,1,1,1,1,1,1,1,1,1,1,1,1,1,1,1,1,1,1,1,1,1,1,1,1,1,1,1,1,1,1
134.320579138322,135.01717777777776,61,88,1,1,1,1,1,1,1,1,1,1,1,1,1,1,1,1,1,1,1,1,1,1,1,1,1,1,1,1,1,1,1,1,1,1,1,1,1,1,1,1,1,1,1,1,1,1,1,1,1,1,1,1,1,1,1,1,1,1,1,1
134.30896916099772,135.11134149659864,65,79,1,1,1,1,1,1,1,1,1,2,1,1,1,1,1,1,1,1,1,1,1,1,1,1,1,1,1,1,1,1,1,1,1,1,1,2,2,2,1,1,1,1,1,1,1,1,1,1,1,1,1,1,1,1,1,1,1,1,2,2,2,1,1,1,1,1,2,2,2,2
133.83296009070293,134.13481950113376,56,68,1,1,1,1,1,1,1,1,1,1,1,1,1,1,1,1,1,1,1,1,1,1,1,1,1,1
133.67042040816327,134.30896916099772,65,87,1,1,1,1,1,1,1,1,1,1,1,1,1,1,1,1,1,1,1,1,1,1,1,1,1,1,1,1,1,1,1,1,1,1,1,1,1,1,1,1,1,1,1,1,1,1,1,1,1,1,1,1,1,1,1
133.67042040816327,134.320579138322,61,62,1,1,1,1,1,1,1,1,1,1,1,1,1,1,1,1,1,1,1,1,1,1,1,1,1,1,1,1,1,1,1,1,1,1,1,1,1,1,1,1,1,1,1,1,1,1,1,1,1,1,1,1,1,1,1,1
133.21763129251698,133.658810430839,66,90,1,1,1,1,1,1,1,1,1,1,1,1,1,1,1,1,1,1,1,1,1,1,1,1,1,1,1,1,1,1,1,1,1,1,1,1,1,1
133.00736780045352,133.61237052154195,63,69,1,1,1,1,1,1,1,1,1,1,1,1,1,1,1,1,1,1,1,1,1,1,1,1,1,1,1,1,1,1,1,1,1,1,1,1,1,1,1,1,1,1,1,1,1,1,1,1,1,1,1,1,1
133.00736780045352,133.22924126984125,43,74,1,1,1,1,1,1,1,1,1,1,1,1,2,2,2,2,0,1,1,1
132.55457868480727,133.01897777777776,65,99,1,1,1,1,1,1,1,1,1,1,1,1,1,1,1,1,1,1,1,1,1,1,1,1,1,1,1,1,1,1,1,2,2,2,2,2,2,2,2,2
132.26432925170067,132.57779863945578,63,87,1,1,1,1,1,1,1,1,1,1,1,1,1,1,1,1,1,1,1,1,1,1,1,1,1,1,1
132.12500952380952,132.34559909297053,65,84,1,1,1,1,1,1,1,1,1,1,1,1,1,1,-5,-5,-5,-5,-5
131.93924988662133,132.12500952380952,65,66,1,1,1,1,1,1,1,1,1,1,1,1,7,7,7,1
131.70705034013605,132.02051972789116,63,86,1,1,1,1,1,1,1,1,1,1,1,1,1,1,1,1,1,1,1,1,1,1,1,1,1,1,1
131.440020861678,131.5909505668934,56,55,1,1,1,1,1,1,1,1,1,1,1,1,1
131.24265124716553,131.440020861678,56,84,1,1,1,1,1,1,1,1,1,1,1,1,1,1,1,1,1
131.06721768707484,131.70705034013605,75,64,1,1,1,1,1,1,1,1,1,1,1,1,1,1,1,1,1,1,1,1,1,1,1,1,1,1,1,1,1,1,1,1,1,1,1,1,1,1,1,1,1,1,1,1,1,1,1,1,1,1,1,1,1,1,1,1
131.00916780045353,131.62578049886622,65,59,1,1,1,1,1,1,1,1,1,1,1,1,1,1,1,1,1,1,1,1,1,1,1,1,1,1,1,1,1,1,1,1,1,1,1,1,1,1,1,1,1,1,1,1,1,1,1,1,1,1,1,1,1,1
130.6144285714286,130.99755782312926,63,67,1,1,1,1,1,1,1,1,1,1,1,1,1,1,1,1,1,1,1,1,1,1,1,1,1,1,1,1,1,1,1,1,1
130.60281859410432,131.06721768707484,75,75,1,1,1,1,1,1,1,1,1,1,1,1,1,1,1,1,1,1,1,1,1,1,1,1,1,1,1,1,1,1,1,1,1,1,1,1,1,1,1,1
130.3590090702948,130.60281859410432,75,88,1,1,1,1,1,1,1,1,1,1,1,1,1,1,1,1,1,1,1,1,1
129.92943990929706,130.3590090702948,75,82,1,1,1,1,1,1,1,1,1,1,1,1,1,1,1,1,1,1,1,1,1,1,1,1,1,1,1,1,1,1,1,1,1,1,1,1,1
129.92943990929706,130.48671882086168,66,54,1,1,1,1,1,1,1,1,1,1,1,1,1,1,1,1,1,1,1,1,1,1,1,1,1,1,1,1,1,1,1,1,1,1,1,1,1,1,1,1,1,1,1,1,1,1,1,1
129.92943990929706,130.5215487528345,57,56,1,1,1,1,1,1,1,1,1,1,1,1,1,1,1,1,1,1,1,1,1,1,1,1,1,1,1,1,1,1,1,1,1,1,1,1,1,1,1,1,1,1,1,1,1,1,1,1,1,1,1
129.92943990929706,130.10358956916102,54,37,2,2,2,2,2,1,2,2,2,2,2,1,1,1,1
129.9178299319728,130.6144285714286,63,59,1,1,1,1,1,1,1,1,1,1,1,1,1,1,1,1,1,1,1,1,1,1,1,1,1,1,1,1,1,1,1,1,1,1,1,1,1,1,1,1,1,1,1,1,1,1,1,1,1,1,1,1,1,1,1,1,1,1,1,1
129.70885034013605,129.92943990929706,75,96,1,1,1,1,1,1,1,1,1,1,1,1,1,2,2,1,1,1,1
129.70885034013605,129.9178299319728,63,50,1,1,1,1,1,1,1,1,1,1,1,1,1,1,1,1,1,1
129.4766507936508,129.70885034013605,75,100,1,1,1,1,1,1,1,1,1,1,1,1,1,1,1,1,1,1,1,1
129.2560612244898,129.4766507936508,75,86,1,1,1,1,1,1,1,1,1,1,1,1,1,1,1,1,1,1,1
129.2560612244898,129.70885034013605,63,56,1,1,1,1,1,1,1,1,1,1,1,1,1,1,1,1,1,1,1,1,1,1,1,1,1,1,1,1,1,1,1,1,1,1,1,1,1,1,1
129.2560612244898,129.45343083900227,56,65,1,1,1,1,1,1,1,1,1,1,1,1,1,1,1,1,1
129.0457977324263,129.18640136054424,67,52,1,1,1,1,1,1,1,1,1,1,1,1,1
129.0457977324263,129.22123129251702,63,59,1,1,1,1,1,1,1,1,1,1,1,1,1,1,1,1
129.0457977324263,129.7901201814059,60,47,1,1,1,1,1,1,1,1,1,1,1,1,1,1,1,1,1,1,1,1,1,1,1,1,1,1,1,1,1,1,1,1,1,1,1,1,1,1,1,1,1,1,1,1,1,1,1,1,1,1,1,1,1,1,1,1,1,1,1,1,1,1,1,1,1
129.03418775510204,129.2560612244898,75,92,1,1,1,1,1,1,1,1,1,1,1,1,1,1,1,1,1,1,1,1
128.61622857142856,129.0457977324263,79,82,2,2,2,2,1,1,1,1,1,1,1,1,1,1,1,1,1,1,1,1,1,1,1,1,1,1,1,1,1,1,1,1,1,1,1,1,1
127.95445986394557,128.56978866213151,65,73,1,1,1,1,1,1,1,1,1,1,1,1,1,1,1,1,1,1,1,1,1,1,1,1,1,1,1,1,1,1,1,1,1,1,1,1,1,1,1,1,1,1,1,1,1,1,1,1,1,1,1,1,1
127.95445986394557,128.105389569161,56,45,1,2,2,2,2,2,2,2,2,1,1,1,1
127.95445986394557,128.325979138322,44,68,-1,-1,-1,2,2,2,2,2,2,2,2,2,2,2,1,1,1,1,1,1,2,2,2,2,1,1,1,1,1,1,1,1
127.73387029478457,127.95445986394557,65,56,1,1,1,1,1,1,1,1,1,1,1,1,1,1,1,1,1,1,1
127.72226031746033,128.0705596371882,77,69,1,1,1,1,2,1,1,1,1,1,2,2,2,2,2,2,2,2,1,1,1,1,1,1,2,2,1,1,1,1
127.28108117913831,127.68743038548752,65,51,7,1,1,1,1,1,1,1,1,1,1,1,1,1,1,1,1,1,1,1,1,1,1,1,1,1,1,1,1,1,1,1,1,1,1
127.26947120181406,127.664210430839,67,84,1,1,1,1,1,1,1,1,1,1,1,1,1,1,1,1,1,1,1,1,1,1,1,1,1,1,1,1,1,1,1,1,1,1
127.05920770975057,127.25786122448979,74,88,1,1,1,1,1,1,1,1,1,1,1,1,1,1,1,1,1,1
126.85022811791384,127.00115782312926,71,59,1,1,1,1,1,1,1,1,1,1,1,1,1
126.66446848072563,126.85022811791384,56,75,1,1,1,1,1,1,1,1,1,1,1,1,1,1,1,1
126.61802857142858,127.05920770975057,38,65,1,1,1,1,1,1,1,1,1,1,1,1,1,1,1,1,1,1,1,1,1,1,1,1,1,1,1,1,1,1,1,1,1,1,1,1,1,1
126.60641859410431,127.21142131519274,65,71,1,1,1,1,1,1,1,1,1,1,1,1,1,1,1,1,1,1,1,1,1,1,1,1,1,1,1,1,1,1,1,1,1,1,1,1,1,1,1,1,1,1,1,1,1,1,1,1,1,1,1,1,1
126.43226893424037,126.74573832199547,67,94,1,1,1,1,1,1,1,1,1,1,1,1,1,1,1,1,1,1,1,1,1,1,1,1,-5,-5,-5
125.97947981859411,126.39743900226757,68,83,1,1,2,2,2,2,2,2,1,1,1,1,1,1,1,1,1,1,1,1,1,1,1,1,2,2,2,2,2,2,2,1,2,2,2,2
125.96786984126985,126.22328934240363,56,62,1,1,1,1,1,1,1,1,1,1,1,1,1,1,1,1,1,1,1,1,1,1
125.81694013605443,126.60641859410431,65,82,2,2,1,1,1,1,1,1,1,1,1,1,1,1,1,2,2,2,2,2,1,1,1,1,1,1,2,2,2,2,2,1,1,1,1,1,1,1,1,2,2,2,2,2,2,1,1,1,2,2,2,2,1,1,1,1,1,1,1,1,1,1,1,1,1,1,1,1
125.65440045351474,125.81694013605443,64,86,4,1,1,1,1,1,1,1,1,1,1,1,1,1
125.45703083900227,125.65440045351474,65,66,1,1,1,1,1,1,1,7,7,7,1,1,1,1,1,1,1
125.30610113378685,125.45703083900227,65,68,1,1,1,1,1,1,1,1,1,1,1,1,1
124.66626848072562,124.9216879818594,65,59,1,1,1,1,1,1,1,1,1,1,1,1,1,1,1,1,1,1,1,1,1,1
124.6430485260771,124.85202811791383,56,55,1,1,1,1,1,1,1,1,1,1,1,1,1,1,1,1,1,1
124.6430485260771,125.19000136054422,37,60,2,2,2,2,1,1,1,2,2,2,2,2,2,2,2,2,2,2,2,2,2,2,2,2,2,2,2,2,2,2,2,2,2,2,2,2,2,2,2,2,2,2,2,2,2,2,2,2
124.49211882086168,124.67787845804989,77,77,2,2,2,1,1,1,1,1,1,1,1,1,1,1,1,1
124.02771972789115,124.25991927437641,89,43,2,2,2,2,2,2,2,2,2,1,1,2,2,2,2,2,2,2,1,1
124.02771972789115,124.49211882086168,77,62,1,1,1,1,1,1,1,1,1,1,1,1,1,1,1,1,1,1,1,1,1,1,1,1,1,1,1,1,1,1,1,1,1,1,1,1,1,1,1,1
123.9812798185941,124.36440907029478,65,52,1,1,1,1,1,1,1,1,1,1,1,1,1,1,1,1,1,1,1,1,1,1,1,1,1,1,1,1,1,1,1,1,1
123.96966984126985,124.16703945578232,56,40,1,1,1,1,1,1,1,1,1,1,2,1,1,1,1,1,1
123.79552018140589,123.94644988662132,89,47,2,2,2,2,2,2,1,1,1,1,1,1,1
123.79552018140589,124.02771972789115,77,74,1,1,1,1,1,1,1,1,1,1,1,1,1,1,1,1,1,1,1,1
123.78391020408164,123.9812798185941,65,62,1,1,1,1,1,1,1,1,1,1,1,1,1,1,1,1,1
123.74908027210884,124.39923900226758,61,62,1,1,1,1,1,1,1,1,1,1,1,1,1,1,1,1,1,1,1,1,1,1,1,1,1,1,1,1,1,1,1,1,1,1,1,1,1,1,1,1,1,1,1,1,1,1,1,1,1,1,1,1,1,1,1,1
123.73747029478459,123.94644988662132,58,36,1,1,1,1,1,1,1,1,1,1,1,1,1,1,1,1,1,1
123.33112108843538,123.72586031746032,81,68,-2,-2,-2,-2,-2,-2,-2,-2,1,1,1,-2,-2,-2,-2,-2,-2,-2,-2,-2,-2,-2,1,-2,-2,-2,-2,-2,1,-2,-2,-2,-2,-2
123.33112108843538,123.52849070294785,65,42,1,1,1,1,1,1,1,1,1,1,1,1,1,1,1,1,1
123.33112108843538,123.58654058956917,56,76,1,1,1,1,1,1,1,1,1,1,1,1,1,1,1,1,1,1,1,1,1,1
123.31951111111111,123.74908027210884,61,54,1,1,1,1,1,1,1,1,1,1,1,1,1,1,1,1,1,1,1,1,1,1,1,1,1,1,1,1,1,1,1,1,1,1,1,1,1
123.18019138321996,123.33112108843538,81,93,1,1,1,1,1,2,2,2,2,2,1,1,1
123.03958775510203,123.18019138321996,82,87,1,1,1,1,1,1,1,1,1,1,1,1,1
122.91187800453514,123.1440775510204,44,62,1,1,1,2,2,2,2,2,2,2,2,2,2,2,2,1,1,1,1,1
122.87704807256236,123.03958775510203,77,62,-2,-2,-2,1,-2,-2,1,-2,-2,-2,-2,-2,-2,-2
122.70289841269842,122.87704807256236,76,88,1,1,1,1,1,1,1,1,1,1,1,1,1,1,1
122.70289841269842,122.91187800453514,44,58,-2,-2,-2,-2,-2,-2,-2,-2,-2,-2,-2,-2,-2,-2,2,2,2,2
122.02951972789116,122.57518866213152,62,57,1,1,1,1,1,1,1,1,1,1,1,1,1,1,1,1,1,1,1,1,1,1,1,1,1,1,1,1,1,1,1,1,1,1,1,1,1,1,1,1,1,1,1,1,1,1,1
122.02951972789116,122.63323854875283,56,62,1,1,1,1,1,1,1,1,1,1,1,1,1,1,1,1,1,1,1,1,1,1,1,1,1,1,1,1,1,1,1,1,1,1,1,1,1,1,1,1,1,1,1,1,1,1,1,1,1,1,1,1
122.01790975056689,122.551968707483,67,64,1,1,1,1,1,1,1,1,1,1,1,1,1,1,1,1,1,1,1,1,1,1,1,1,1,1,1,1,1,1,1,1,1,1,1,1,1,1,1,1,1,1,1,1,1,1
122.01790975056689,122.65645850340135,59,76,1,1,1,1,1,1,1,1,1,1,1,1,1,1,1,1,1,1,1,1,1,1,1,1,1,1,1,1,1,1,1,1,1,1,1,1,1,1,1,1,1,1,1,1,1,1,1,1,1,1,1,1,1,1,1
121.3561410430839,122.01790975056689,59,70,1,1,1,1,1,1,1,1,1,1,1,1,1,1,1,1,1,1,1,1,1,1,1,1,1,1,1,1,1,1,1,1,1,1,1,1,1,1,1,1,1,1,1,1,1,1,1,1,1,1,1,1,1,1,1,1,1
121.34453106575964,121.55351065759638,79,45,1,1,1,1,1,1,1,1,1,1,1,1,1,1,1,1,1,1
121.34453106575964,121.80893015873016,38,58,1,1,1,1,1,1,1,1,1,1,1,1,1,1,1,1,1,1,1,1,1,1,1,1,1,1,1,1,1,1,1,1,1,1,1,1,1,1,1,1
121.33292108843537,121.58834058956916,56,59,1,1,1,1,1,1,1,1,1,1,1,1,1,1,1,1,1,1,1,1,1,1
121.1807074829932,122.01790975056689,67,63,1,1,1,1,1,1,1,1,1,1,1,1,1,1,1,1,1,1,1,1,1,1,1,1,1,1,1,1,1,1,1,1,1,1,1,1,1,1,1,1,1,1,1,1,1,1,1,1,1,1,1,1,1,1,1,1,1,1,1,1,1,1,1,1,1,1,1,1,1,1,1,1,1
121.16909750566893,122.02951972789116,62,55,1,1,1,1,1,1,1,1,1,1,1,1,1,1,1,1,1,1,1,1,1,1,1,1,1,1,1,1,1,1,1,1,1,1,1,1,1,1,1,1,1,1,1,1,1,1,1,1,1,1,1,1,1,1,1,1,1,1,1,1,1,1,1,1,1,1,1,1,1,1,1,1,1,1,1
121.16909750566893,121.3561410430839,59,95,1,1,1,1,1,1,1,1,1,1,1,1,1,1,1,1,1
121.16909750566893,121.33292108843537,56,40,1,1,1,1,1,1,1,1,1,1,1,1,1,1,1
121.12265759637188,121.25165124716553,35,53,2,2,2,2,2,2,2,1,1,1,1,1
120.76274829931972,121.12265759637188,35,54,2,2,2,2,2,2,2,2,2,2,2,2,2,2,2,2,2,2,2,2,2,2,2,2,2,2,2,2,2,2,2
120.75113832199546,121.1807074829932,67,96,1,2,2,2,2,2,1,1,2,2,2,2,2,2,2,2,2,2,2,1,1,2,2,2,2,2,2,2,2,2,1,1,1,1,1,1,1
120.71630839002268,120.94850793650794,62,62,1,1,1,1,1,1,1,1,1,1,1,1,1,1,1,1,1,2,2,2
120.7046984126984,120.89045804988662,56,50,1,1,1,1,1,1,1,1,1,1,1,1,1,1,1,1
120.65825850340136,120.98333786848072,43,45,0,0,0,0,2,1,1,1,1,1,1,1,1,1,1,1,1,1,1,2,2,2,2,2,1,1,1,1
120.50732879818594,120.75113832199546,67,98,1,1,1,1,1,1,1,1,1,1,2,2,2,2,2,2,2,1,1,1,1
120.24029931972788,120.55376870748299,36,87,1,1,1,1,1,1,1,1,2,2,1,1,1,1,1,1,1,1,1,1,2,2,1,1,1,1,1
120.14741950113378,120.32156916099773,58,62,1,1,1,1,1,1,1,1,1,1,1,1,1,1,1
120.06614965986394,120.5189387755102,70,82,1,1,1,1,1,1,1,1,1,1,1,1,1,1,1,1,1,1,1,1,1,1,1,1,1,1,1,1,1,1,1,1,1,1,1,1,1,1,1
120.06614965986394,120.4260589569161,63,58,1,1,1,1,1,1,1,1,1,1,1,1,1,1,1,1,1,1,1,1,1,1,1,1,1,1,1,1,1,1,1
120.05453968253968,120.41444897959184,82,53,1,1,1,1,1,1,1,1,1,1,1,1,1,1,1,1,1,1,1,1,1,1,1,1,1,1,1,1,1,1,1
120.05453968253968,120.22868934240363,67,44,1,1,1,1,1,1,1,1,1,1,1,1,1,1,1
120.03131972789116,120.24029931972788,36,64,2,2,2,2,2,2,2,2,2,2,2,2,2,2,2,2,2,2
119.83395011337868,120.06614965986394,63,54,1,1,1,1,1,1,1,1,1,1,1,1,1,1,1,1,1,1,1,1
119.82234013605442,119.96165986394557,75,62,1,1,1,1,1,1,1,1,1,1,1,1
119.38116099773242,120.05453968253968,82,58,1,1,1,1,1,1,1,1,1,1,1,1,1,1,1,1,1,1,1,1,1,1,1,1,1,1,1,1,1,1,1,1,1,1,1,1,1,1,1,1,1,1,1,1,1,1,1,1,1,1,1,1,1,1,1,1,1,1
119.38116099773242,120.06614965986394,70,57,1,1,1,1,1,1,1,1,1,1,1,1,1,1,1,1,1,1,1,1,1,1,1,1,1,1,1,1,1,1,1,1,1,1,1,1,1,1,1,1,1,1,1,1,1,1,1,1,1,1,1,2,2,2,1,1,1,1,1
119.38116099773242,119.83395011337868,63,61,1,1,1,1,1,1,1,1,1,1,1,1,1,1,1,1,1,1,1,1,1,1,1,1,1,1,1,1,1,1,1,1,1,1,1,1,1,1,1
119.38116099773242,119.70624036281178,58,63,1,1,1,1,1,1,1,1,1,1,1,1,1,1,1,1,1,1,1,1,1,1,1,1,1,1,1,1
119.36955102040815,119.93843990929705,36,75,1,1,1,2,2,2,2,2,2,2,2,2,2,2,2,2,1,1,1,1,1,1,1,1,1,1,1,1,1,1,1,1,1,1,1,1,1,2,2,2,2,2,2,2,2,2,2,2,2
119.13606757369615,119.29989115646258,79,63,1,1,1,1,1,1,1,1,1,1,1,1,1,1,1
118.71810839002268,118.88064807256237,82,46,1,1,1,1,1,1,1,1,1,1,1,1,1,1
118.71810839002268,119.10123764172336,70,71,1,1,1,1,1,1,1,1,1,1,1,1,1,1,1,1,1,1,1,1,1,1,1,1,1,1,1,1,1,1,1,1,1
118.70649841269842,119.07801768707483,58,68,1,1,1,1,1,1,1,1,1,1,1,1,1,1,1,1,1,1,1,1,1,1,1,1,1,1,1,1,1,1,1,1
118.69488843537415,119.230231292517,43,82,1,1,1,1,1,1,1,1,1,1,1,1,1,1,1,1,1,1,1,1,1,1,1,1,1,1,1,1,1,1,1,1,1,1,1,1,1,1,1,1,1,1,1,1,1,1,1
118.2072693877551,118.70649841269842,58,50,1,1,1,1,1,1,1,1,1,1,1,1,1,1,1,1,1,1,1,1,1,1,1,1,1,1,1,1,1,1,1,1,1,1,1,1,1,1,1,1,1,1,1
118.114389569161,118.69488843537415,43,78,1,1,1,1,1,1,1,1,1,1,1,1,1,1,1,1,1,1,1,1,1,1,1,1,1,1,1,1,1,1,1,1,1,1,1,1,1,1,1,1,1,1,1,1,1,1,1,1,1,1
118.05633968253969,118.41624897959184,70,78,1,1,1,1,1,1,1,1,1,1,1,1,1,1,1,1,1,1,1,1,1,1,1,1,1,1,1,1,1,1,1
118.05633968253969,119.38116099773242,63,57,1,1,1,1,1,1,1,1,1,1,1,1,1,1,1,1,1,1,1,1,1,1,1,1,1,1,1,1,1,1,1,1,1,1,1,1,1,1,1,1,1,1,1,1,1,1,1,1,1,1,1,1,1,1,1,1,1,1,1,1,1,1,1,1,1,1,1,1,1,1,1,1,1,1,1,1,1,1,1,1,1,1,1,1,1,1,1,1,1,1,1,1,1,1,2,1,1,1,1,1,1,1,1,1,1,1,1,1,1,1,1,1,1,1,1
118.05633968253969,118.66005850340137,60,73,1,1,1,1,1,1,1,1,1,1,1,1,1,1,1,1,1,1,1,1,1,1,1,1,1,1,1,1,1,1,1,1,1,1,1,1,1,1,1,1,1,1,1,1,1,1,1,1,1,1,1,1
118.05633968253969,118.2072693877551,58,73,1,1,1,1,1,1,1,1,1,1,1,1,1
118.0215097505669,118.62522857142858,67,59,1,1,1,1,1,1,1,1,1,1,1,1,1,1,1,1,1,1,1,1,1,1,1,1,1,1,1,1,1,1,1,1,1,1,1,1,1,1,1,1,1,1,1,1,1,1,1,1,1,1,1,1
117.95184988662132,118.114389569161,43,72,2,1,1,1,1,1,1,1,1,1,1,1,1,1
117.87058004535147,118.05633968253969,63,57,1,1,1,1,1,1,1,1,1,1,1,1,1,1,1,1
117.81253015873017,118.05633968253969,58,39,1,1,1,1,1,1,1,1,1,1,1,1,1,1,1,1,1,1,1,1,1
117.8009201814059,118.0215097505669,67,82,1,1,1,1,1,1,1,1,1,1,1,1,1,1,1,1,1,1,1
117.8009201814059,118.05633968253969,60,73,1,1,1,1,1,1,1,1,1,1,1,1,1,1,1,1,1,1,1,1,1,1
117.60355056689343,117.91701995464854,72,71,1,1,1,1,1,1,1,1,1,1,1,1,1,1,1,1,1,1,1,1,1,1,2,2,1,1,1
117.40618095238096,117.73126031746033,42,52,1,1,1,1,1,1,1,1,1,1,1,1,1,1,1,1,1,1,1,1,1,1,1,1,1,1,1,1
117.37135102040817,117.51067074829933,68,62,1,1,1,1,1,1,1,1,1,1,1,1
117.37135102040817,117.55711065759638,58,64,1,1,1,1,1,1,1,1,1,1,1,1,1,1,1,1
117.20752743764173,117.81253015873017,75,73,1,1,1,1,1,1,1,1,1,1,1,1,1,1,1,1,1,1,1,1,1,1,1,1,1,1,1,1,1,1,1,1,1,1,1,1,1,1,1,1,1,1,1,1,1,1,1,1,1,1,1,1,1
116.76634829931973,117.03337777777779,72,82,1,1,1,1,1,1,1,1,1,1,1,1,2,1,1,1,1,1,1,1,1,2,2
116.68507845804989,116.8360081632653,54,50,1,1,1,1,1,1,1,1,1,1,1,1,1
116.68507845804989,117.14947755102041,37,40,1,2,2,2,2,2,1,1,1,1,1,1,1,1,1,1,1,1,1,1,1,1,1,1,1,1,1,2,2,2,2,2,2,2,2,1,1,1,1,1
116.51092879818594,116.73151836734694,82,70,1,1,1,1,1,1,1,1,1,1,1,1,1,1,1,1,1,1,1
116.26711927437643,116.44126893424037,80,67,1,1,1,1,1,1,1,1,1,1,1,1,1,1,1
116.06974965986394,116.29033922902495,72,75,1,1,1,1,1,1,1,1,1,1,1,1,1,1,1,1,1,1,1
116.06974965986394,116.48770884353742,68,50,1,1,1,1,1,1,1,1,1,1,1,1,1,1,1,1,1,1,1,1,1,1,1,1,1,1,1,1,1,1,1,1,1,1,1,1
116.05813968253969,116.6502485260771,40,80,1,1,1,1,1,1,1,1,1,1,1,1,1,1,1,1,1,1,1,1,1,1,1,1,1,1,1,1,1,1,1,1,1,1,1,1,1,1,1,1,1,1,1,1,1,1,1,1,1,1,1
115.84916009070295,116.0233097505669,82,66,1,1,1,1,1,1,1,1,1,1,1,1,1,1,1
115.84916009070295,116.19745941043084,58,47,1,1,1,1,1,1,1,1,1,1,1,1,1,1,1,1,1,1,1,1,1,1,1,1,1,1,1,1,1,1
115.60535056689343,115.79111020408163,80,69,1,1,1,1,1,1,1,1,1,1,1,1,1,1,1,1
115.60535056689343,115.96525986394558,64,62,1,1,1,1,1,1,1,1,1,1,1,1,1,1,1,1,1,1,1,1,1,1,1,1,1,1,1,1,1,1,1
115.38476099773243,115.67501043083901,72,76,1,1,1,1,1,1,1,1,1,1,1,1,1,2,2,2,2,1,1,1,1,1,1,1,1
115.38476099773243,115.84916009070295,58,57,1,1,1,1,1,1,1,1,1,1,1,1,1,1,1,1,1,1,1,1,1,1,1,1,1,1,1,1,1,1,1,1,1,1,1,1,1,1,1,1
115.19771746031746,115.38476099773243,58,76,1,1,1,1,1,1,1,1,1,1,1,1,1,1,1,1,1
115.1861074829932,115.60535056689343,64,72,1,1,1,1,1,1,1,1,1,1,1,1,1,1,1,1,1,1,1,1,1,1,1,1,1,1,1,1,1,1,1,1,1,1,1,1,1
115.17449750566894,115.33832108843538,82,64,1,1,1,1,1,1,1,1,1,1,1,1,1,1,1
114.95390793650793,115.12805759637189,80,62,1,1,1,1,1,1,1,1,1,1,1,1,1,1,1
114.95390793650793,115.83755011337868,68,56,1,1,1,1,1,1,1,1,1,1,1,1,1,1,1,1,1,1,1,1,1,1,1,1,1,1,1,1,1,1,1,1,1,1,1,1,1,1,1,1,1,1,1,1,1,1,1,1,1,1,1,1,1,1,1,1,1,1,1,1,1,1,1,1,1,1,1,1,1,1,1,1,1,1,1,1,1
114.94229795918368,115.1861074829932,43,79,1,1,1,1,1,1,1,1,1,1,1,1,1,1,1,1,1,1,1,1,1
114.72170839002267,114.94229795918368,43,80,1,1,1,1,1,1,1,1,1,1,1,1,1,1,1,1,1,1,1
114.71009841269841,114.9306879818594,65,72,1,1,1,1,1,1,1,1,1,1,1,1,1,1,1,1,1,1,1
114.69848843537414,114.86102811791383,60,55,1,1,1,1,1,1,1,1,1,1,1,1,1,1
114.68687845804989,114.94229795918368,56,76,1,1,1,1,1,1,1,1,1,1,1,1,1,1,1,1,1,1,1,1,1,1
114.50111882086168,114.95390793650793,68,83,1,1,1,1,1,1,1,1,1,1,1,1,1,1,1,1,1,1,1,1,1,1,1,1,1,1,1,1,1,1,1,1,1,1,1,1,1,1,1
114.50111882086168,114.68687845804989,56,45,1,1,1,1,1,1,1,1,1,1,1,1,1,1,1,1
114.04832970521542,114.30374920634921,65,48,1,1,1,1,1,1,1,1,1,1,1,1,1,1,1,1,1,1,1,1,1,1
114.01349977324263,114.25730929705216,60,65,1,1,1,1,1,1,1,1,1,1,1,1,1,1,1,1,1,1,1,1,1
114.01349977324263,114.25730929705216,56,40,1,1,1,1,1,1,1,1,1,1,1,1,1,1,1,1,1,1,1,1,1
114.00188979591837,114.54755873015873,44,88,1,1,1,1,1,1,1,1,1,1,1,1,1,1,1,1,1,1,1,1,1,1,1,1,1,1,1,1,1,1,1,1,1,1,1,1,1,1,1,1,1,1,2,2,2,2,1
113.88579002267574,114.50111882086168,72,79,-1,1,1,1,1,1,1,1,1,1,1,1,1,1,1,1,1,1,1,1,1,1,1,1,1,1,1,1,1,1,1,1,1,1,1,1,1,1,1,1,1,1,1,1,1,1,1,1,1,1,1,1,1
113.42139092970521,113.66520045351474,70,46,1,1,1,1,1,1,1,1,1,1,1,1,1,1,1,1,1,1,1,1,1
113.40978095238096,113.81613015873016,37,80,1,1,1,1,2,2,2,2,2,2,2,2,2,2,2,2,2,1,1,1,1,1,1,1,1,1,1,1,1,1,1,1,1,1,1
113.3633410430839,113.50266077097506,60,43,1,1,1,1,1,1,1,1,1,1,1,1
113.35173106575964,113.68842040816327,56,61,1,1,1,1,1,1,1,1,1,1,1,1,1,1,2,2,1,1,1,1,1,1,1,1,1,1,1,1,1
113.19951746031745,113.35173106575964,56,48,1,1,1,1,1,1,1,1,1,1,1,1,1,1
113.1879074829932,113.39817097505669,68,81,1,1,1,1,1,1,1,1,1,1,1,1,1,1,1,1,1,1,1
113.1879074829932,113.66520045351474,65,49,1,1,1,1,1,1,1,1,1,1,1,1,1,1,1,1,1,1,1,1,1,1,1,1,1,1,1,1,1,1,1,1,1,1,1,1,1,1,1,1,1,1
112.73511836734694,112.97892789115646,80,62,1,1,1,1,1,1,1,1,1,1,1,1,1,1,1,1,1,1,1,1,1
112.73511836734694,113.1879074829932,65,63,1,1,1,1,1,1,1,1,1,1,1,1,1,1,1,1,1,1,1,1,1,1,1,1,1,1,1,1,1,1,1,1,1,1,1,1,1,1,1
112.73511836734694,113.11824761904762,61,60,1,1,1,1,1,1,1,1,1,1,1,1,1,1,1,1,1,1,1,1,1,1,1,1,1,1,1,1,1,1,1,1,1
112.72350839002267,113.10663764172335,56,69,1,1,1,1,1,1,1,1,1,1,1,1,1,1,1,1,1,1,1,1,1,1,1,1,1,1,1,1,1,1,1,1,1
112.44486893424036,112.63062857142857,81,74,1,1,1,1,1,1,1,1,1,1,1,1,1,1,1,1
112.3055492063492,112.44486893424036,81,81,1,1,1,1,1,1,1,1,1,1,2,2
112.06173968253968,112.3055492063492,64,79,1,1,1,1,1,1,1,1,1,1,1,1,1,1,1,1,1,1,1,1,1
112.03851972789116,112.35198911564626,44,62,0,1,1,1,1,1,1,1,1,1,1,1,1,1,1,1,1,1,1,1,1,1,1,1,1,1,1
111.86437006802721,112.06173968253968,64,75,1,1,1,1,1,1,1,1,1,1,1,1,1,1,1,1,1
111.85276009070294,112.05012970521541,83,62,1,1,1,1,1,1,1,1,2,2,2,2,2,2,1,1,1
111.85276009070294,112.3055492063492,60,63,1,1,1,1,1,1,1,1,1,1,1,1,1,1,1,1,1,1,1,1,1,1,1,1,1,1,1,1,1,1,1,1,1,1,1,1,1,1,1
111.39997097505669,111.78310022675737,71,65,1,1,1,1,1,1,1,1,1,1,1,1,1,1,1,1,1,1,1,1,1,1,-2,-2,-2,2,2,2,2,2,1,1,1
111.39997097505669,111.6437804988662,58,57,1,1,1,1,1,1,1,1,1,1,1,1,1,1,1,1,1,1,1,1,1
111.39997097505669,111.53929070294784,54,49,1,1,1,1,1,1,1,1,1,1,1,1
111.38836099773242,111.78310022675737,39,64,1,1,1,1,1,1,1,1,1,1,1,1,1,1,1,1,1,1,1,1,1,1,1,1,1,1,1,1,1,1,1,1,1,1
111.16648752834466,111.31870113378685,68,62,1,1,1,1,1,1,1,1,1,1,1,1,1,1
110.76013832199546,111.33031111111111,70,90,1,1,1,1,1,1,1,1,1,1,1,1,1,1,1,1,1,1,1,1,1,1,1,1,1,1,1,1,1,1,1,1,1,1,1,1,1,1,1,1,1,1,1,1,1,1,1,1,1,1
110.76013832199546,111.13165759637188,65,55,1,1,1,1,1,1,1,1,1,1,1,1,1,1,1,1,1,1,1,1,1,1,1,1,1,1,1,1,1,1,1,1
110.7485283446712,110.99233786848072,58,69,1,1,1,1,1,1,1,1,1,1,1,1,1,1,1,1,1,1,1,1,1
110.70208843537415,110.88784807256235,63,39,1,1,1,1,1,1,1,1,1,1,1,1,1,1,1,1
110.67886848072561,111.06199773242629,54,47,1,1,1,2,2,2,2,1,1,1,1,1,1,1,1,1,1,1,1,1,1,1,1,1,1,1,1,1,1,1,1,1,1
110.50471882086167,110.8414081632653,68,91,1,1,1,1,1,1,1,1,1,1,1,1,1,1,1,1,1,1,1,1,2,2,2,2,1,1,1,1,1
110.50471882086167,110.67886848072561,65,49,1,1,1,1,1,1,1,1,1,1,1,1,1,1,1
110.13319954648526,110.33056916099773,54,67,2,2,2,2,1,1,1,1,1,1,1,1,1,1,1,1,1
110.06353968253968,110.50471882086167,65,75,1,1,1,1,1,1,1,1,1,1,1,1,1,1,1,1,1,1,1,1,1,1,1,1,1,1,1,1,1,1,1,1,1,1,1,1,1,1
110.06353968253968,110.50471882086167,60,77,1,1,1,1,1,1,1,1,1,1,1,1,1,1,1,1,1,1,1,1,1,1,1,1,1,1,1,1,1,1,1,1,1,1,1,1,1,1
110.05192970521541,110.19124943310658,51,47,1,1,1,1,1,1,1,1,1,1,1,1
110.02870975056689,110.2144693877551,58,47,1,1,1,1,1,1,1,1,1,1,1,1,1,1,1,1
109.93582993197279,110.13319954648526,54,61,1,1,1,1,1,1,1,1,2,2,2,2,1,1,1,1,2
109.40177097505668,109.93582993197279,54,55,2,1,1,1,1,1,1,1,1,1,1,1,1,1,1,1,1,1,1,1,1,1,1,1,1,1,1,1,1,1,1,1,1,1,1,1,1,1,1,1,1,1,1,1,2,1
109.37855102040815,110.02870975056689,58,71,1,1,1,1,1,1,1,1,1,1,1,1,1,1,1,1,1,1,1,1,1,1,1,1,1,1,1,1,1,1,1,1,1,1,1,1,1,1,1,1,1,1,1,1,1,1,1,1,1,1,1,1,1,1,1,1
109.3669410430839,110.06353968253968,65,48,1,1,1,1,1,1,1,1,1,1,1,1,4,4,1,1,1,1,1,1,1,4,4,1,1,4,4,4,4,4,4,4,4,4,4,4,4,4,4,4,4,4,4,4,4,4,4,4,4,4,4,4,4,4,4,4,4,4,4,4
109.20311746031747,109.93582993197279,61,59,1,1,1,1,1,1,1,1,1,1,1,1,1,1,1,1,1,1,1,1,1,1,1,1,1,1,1,1,1,1,1,1,1,1,1,1,1,1,1,1,1,1,1,1,1,1,1,1,1,1,1,1,1,1,1,1,1,1,1,1,1,1,1,1
109.20311746031747,109.37855102040815,58,56,1,1,1,1,1,1,1,1,1,1,1,1,1,1,1,1
109.1915074829932,109.3669410430839,65,71,1,1,1,1,1,1,1,1,1,1,1,1,1,1,1,1
108.73871836734695,108.98252789115647,58,59,1,1,1,1,1,1,1,1,1,1,1,1,1,1,1,1,1,1,1,1,1
108.70388843537415,108.98252789115647,54,64,1,1,1,1,1,1,1,1,1,1,1,1,1,1,1,1,1,1,1,1,1,1,1,1
108.50651882086169,109.1915074829932,66,96,1,1,1,1,1,1,1,1,1,1,1,1,1,1,1,1,1,1,1,1,1,1,1,1,1,1,1,1,1,1,1,1,1,1,1,1,1,1,1,1,1,1,1,1,1,1,1,1,1,1,1,1,1,1,1,1,1,1,1
108.05372970521543,108.50651882086169,65,102,1,1,2,2,2,2,2,1,1,1,1,1,1,1,1,1,1,2,1,1,1,1,1,1,1,1,1,1,1,1,1,1,1,2,2,2,1,1,1
108.03050975056689,108.29753922902495,58,54,1,1,1,1,1,1,1,1,1,1,1,1,1,1,1,1,1,1,1,1,1,1,1
108.03050975056689,108.2510993197279,54,41,2,2,2,2,2,2,2,2,2,1,1,2,2,2,2,1,1,1,1
108.00728979591837,108.47168888888889,39,57,2,2,2,2,1,1,2,2,2,2,2,2,1,1,1,2,2,2,2,2,2,2,2,2,2,2,2,2,2,2,2,2,2,2,2,2,2,2,2,2
107.82153015873017,108.13499954648526,70,80,1,1,1,1,1,1,1,1,1,1,1,1,1,1,1,1,1,1,1,1,1,1,1,1,1,1,1
107.38035102040817,107.82153015873017,68,98,1,1,1,1,1,1,1,1,1,1,1,1,1,1,1,1,1,1,1,1,1,1,1,1,1,1,1,1,1,1,1,1,1,1,1,1,1,1
107.38035102040817,107.53128072562359,63,44,1,1,1,1,1,1,1,1,1,1,1,1,1
107.3687410430839,107.62416054421769,58,69,1,1,1,1,1,1,1,1,1,1,1,1,1,1,1,1,1,1,1,1,1,1
107.3687410430839,107.92601995464854,44,67,1,1,1,1,1,1,1,1,1,1,1,1,1,1,1,1,2,2,2,2,1,1,1,1,1,1,1,1,1,1,1,1,1,1,1,1,1,1,1,1,1,1,1,1,1,1,1,1
107.32230113378685,107.55450068027211,54,38,1,1,1,1,1,1,1,1,1,1,1,2,2,2,2,2,1,1,1,1
107.1933074829932,107.39196099773243,72,80,1,1,1,1,1,1,1,1,1,1,1,1,1,1,1,1,1,1
106.98432789115647,107.1933074829932,71,95,1,1,1,1,1,1,1,1,1,1,1,1,1,2,2,2,2,2
106.9727179138322,107.28747120181407,43,80,1,1,1,1,1,1,1,1,1,1,1,1,1,1,1,1,1,1,1,1,1,1,1,1,1,1,1,2
106.76373832199546,106.90305804988662,61,55,1,1,1,1,1,1,1,1,1,1,1,1
106.72890839002268,106.9727179138322,43,92,2,1,1,1,1,1,1,1,1,1,1,1,1,1,1,1,1,1,1,1,1
106.71729841269841,106.90305804988662,55,60,1,2,2,2,1,1,1,1,1,1,1,1,1,1,1,1
106.70568843537416,106.99593786848072,73,76,1,1,1,1,1,1,1,1,1,1,1,1,1,1,1,1,1,1,1,1,1,1,1,1,-5
106.48509886621315,106.70568843537416,72,90,2,2,2,1,1,1,1,1,1,1,2,2,2,2,2,2,2,1,1
106.27611927437643,106.55475873015874,75,93,1,1,1,1,1,1,1,1,1,1,1,1,1,1,1,1,1,1,1,1,1,1,1,2
106.05552970521542,106.24128934240363,65,58,1,1,1,1,1,1,1,1,1,1,1,1,1,1,1,1
106.04391972789116,106.28772925170068,55,90,2,1,1,1,1,1,1,1,1,1,1,1,1,1,1,1,1,1,2,1,1
106.0323097505669,106.58958866213152,39,54,1,1,1,1,1,1,1,1,1,1,1,1,1,1,1,1,1,1,1,1,1,1,1,1,1,1,1,1,1,1,1,1,1,1,1,2,2,1,1,1,1,1,1,1,1,1,1,1
105.88138004535148,106.06713968253969,77,84,1,1,1,1,1,1,1,1,1,1,2,2,2,2,2,2
105.54469070294785,105.77689024943311,82,82,1,1,1,1,1,1,1,1,1,1,1,1,1,1,1,1,1,1,1,2
105.45181088435375,105.66079047619048,65,47,1,1,1,1,1,1,1,1,1,1,1,1,1,1,1,1,1,1
105.4053709750567,105.54469070294785,82,43,1,1,1,1,1,1,1,1,1,1,1,1
105.4053709750567,105.64918049886622,61,48,1,1,1,1,1,1,1,1,1,1,1,1,1,1,1,1,1,1,1,1,1
105.3705410430839,105.55630068027212,56,48,1,1,1,1,1,1,1,1,2,2,1,1,1,1,1,1
105.3705410430839,105.89299002267575,41,53,1,1,1,1,1,1,1,1,1,1,1,1,1,1,1,1,1,1,1,1,1,1,1,1,1,1,1,1,1,1,1,1,1,1,1,1,1,1,1,1,1,1,1,1,1
105.17188752834467,105.53308072562359,84,49,2,2,2,2,1,1,1,1,1,1,2,2,2,2,2,1,1,1,1,2,2,2,2,-5,2,2,1,2,2,2,2,2
105.17188752834467,105.45181088435375,65,78,2,2,1,1,1,1,1,1,1,1,1,1,1,1,1,1,1,1,1,1,2,2,2,2,1
105.17188752834467,105.4053709750567,61,66,1,1,1,1,1,1,1,1,1,1,1,1,1,1,1,1,1,1,1,1,1
105.17188752834467,105.34732108843538,58,41,1,1,1,1,1,1,1,1,1,1,1,1,1,1,1,1
104.73070839002267,105.14866757369614,72,80,1,1,1,1,1,1,1,2,2,1,1,1,1,1,1,1,1,1,1,1,1,1,1,1,1,1,1,1,1,1,1,1,1,1,2,2
104.73070839002267,104.9745179138322,56,46,1,1,1,1,2,2,2,2,2,2,2,2,2,2,2,2,2,2,2,1,1
104.73070839002267,105.07900770975057,53,43,2,1,1,1,1,2,2,2,2,2,2,2,2,2,1,1,2,1,2,2,2,2,2,1,1,1,1,1,1,1
104.49850884353741,104.71909841269841,73,84,1,1,2,2,2,2,1,1,1,1,1,1,1,1,1,1,1,1,1
104.27791927437642,104.52172879818595,77,89,1,2,1,1,1,1,1,1,1,1,1,1,2,2,2,2,2,2,2,2,1
104.0921596371882,104.28952925170069,80,82,1,1,1,1,1,1,1,1,1,1,1,1,1,1,1,1,2
104.0341097505669,104.23147936507937,57,41,1,1,1,2,2,2,2,1,1,1,1,1,1,1,1,2,2
104.0341097505669,104.20825941043084,53,37,2,1,1,1,2,2,2,2,2,2,-2,1,1,1,1
103.82513015873016,104.0921596371882,81,93,1,1,1,1,1,1,1,1,1,1,1,1,2,2,2,2,1,1,1,1,1,1,1
103.43039092970521,103.82513015873016,82,73,1,1,1,1,1,1,1,1,1,1,1,1,1,1,1,1,1,1,1,1,1,1,1,1,1,1,1,1,1,1,1,1,1,1
103.43039092970521,103.65098049886622,57,52,1,1,1,2,1,1,4,2,1,2,2,2,4,4,4,4,4,4,4
103.38395102040816,103.60454058956915,65,43,1,1,1,1,1,1,1,1,1,1,1,1,1,1,1,1,1,1,1
103.3723410430839,103.51166077097506,63,35,1,1,1,1,1,1,1,1,1,1,1,1
103.36073106575964,103.51166077097506,45,36,1,1,1,1,2,2,2,2,1,1,1,1,2
103.15046757369615,103.30139727891157,84,54,2,2,2,2,2,2,2,2,2,2,2,2,2
102.87182811791384,103.08080770975056,56,61,2,2,1,1,1,1,1,1,1,1,1,1,1,1,1,1,1,1
102.74411836734694,103.08080770975056,65,58,2,2,1,1,1,1,1,1,1,1,1,1,1,1,1,1,1,1,1,1,1,1,1,1,1,1,1,1,1
102.73250839002267,102.94148798185941,85,45,1,2,2,2,2,2,2,2,1,1,2,2,2,2,2,1,1,1
102.7208984126984,103.08080770975056,61,62,1,1,1,1,1,1,1,1,1,1,1,1,1,1,1,1,1,1,1,1,1,1,1,1,1,1,1,1,1,1,1
102.69767845804988,102.87182811791384,56,53,1,1,1,1,2,2,2,2,2,2,2,2,2,2,2
102.52352879818594,102.74411836734694,65,59,1,1,1,1,1,1,1,1,1,1,1,1,1,1,1,1,1,1,1
102.51191882086168,102.7208984126984,61,71,1,1,1,1,1,1,1,1,1,1,1,1,1,1,1,1,1,1
102.51191882086168,102.65123854875283,58,47,1,1,1,1,1,1,1,1,1,1,1,1
102.32615918367347,102.51191882086168,89,58,-1,2,2,1,1,2,2,2,2,1,1,1,1,2,2,2
102.08234965986394,102.27971927437642,77,77,1,1,1,1,1,2,2,2,2,2,1,1,2,2,2,2,2
102.02429977324263,102.26810929705215,56,55,0,2,2,2,2,2,2,2,2,2,2,2,2,2,2,2,2,2,2,2,2
101.85015011337869,102.08234965986394,78,78,1,1,1,1,1,1,1,1,1,1,1,1,1,1,1,1,1,1,1,1
101.6527804988662,101.82693015873015,75,61,1,1,1,1,1,1,1,1,1,1,1,1,1,1,1
101.45541088435374,101.85015011337869,78,70,1,1,1,1,1,1,1,1,1,1,1,-2,-2,1,1,1,1,1,1,1,1,1,1,1,1,1,1,1,1,1,1,1,1,1
101.36253106575964,101.74566031746032,41,53,1,1,1,1,1,1,1,1,1,1,1,1,1,1,1,1,1,1,1,1,1,1,1,1,1,1,1,1,1,1,1,1,1
101.1638775510204,101.45541088435374,75,86,1,1,1,1,1,2,1,1,1,1,2,2,2,2,1,1,1,1,1,1,1,1,1,1,1,1
100.71108843537414,101.1638775510204,41,73,2,2,2,1,1,1,1,1,1,1,1,1,1,1,1,1,1,1,1,1,1,1,1,1,1,1,1,1,1,1,1,1,1,1,1,1,1,1,1
100.69947845804988,101.14065759637188,57,83,1,1,1,1,1,1,1,1,1,1,2,2,2,2,2,1,1,1,1,1,1,2,2,2,2,2,1,1,1,1,1,2,2,2,1,1,1,1
100.68786848072561,101.11743764172336,66,66,1,1,1,1,1,1,1,1,1,1,1,1,1,1,1,1,1,1,1,1,1,1,1,1,1,1,1,1,1,1,1,1,1,1,1,1,1
100.68786848072561,101.11743764172336,63,69,1,1,1,1,1,1,1,1,1,1,1,1,1,1,1,1,1,1,1,1,1,1,1,1,1,1,1,1,1,1,1,1,1,1,1,1,1
100.03770975056689,100.51371882086167,72,63,1,1,1,1,1,1,1,1,1,1,1,1,1,1,1,1,1,1,1,1,1,1,1,1,1,1,1,1,1,1,1,1,1,1,1,1,1,1,1,1,1
100.03770975056689,100.351179138322,60,49,1,1,1,1,1,1,1,1,1,1,1,1,1,1,1,1,1,1,1,1,1,1,1,1,1,1,1
100.03770975056689,100.58337868480724,48,62,1,1,1,1,1,1,1,1,1,1,1,1,1,1,1,1,1,1,1,1,1,1,1,1,1,1,1,1,1,1,1,1,1,1,1,1,1,1,1,1,1,1,1,1,1,1,1
100.02609977324262,100.25829931972788,58,39,1,1,2,2,2,1,1,1,1,1,1,1,1,1,1,1,1,1,1,1
99.80551020408163,99.94482993197278,79,70,1,1,1,1,1,1,1,1,1,1,1,1
99.5617006802721,99.84034013605442,82,71,2,2,2,1,1,1,1,1,1,1,1,1,1,1,1,1,1,1,1,1,1,1,1,1
99.5617006802721,99.74746031746031,58,66,1,1,1,1,1,1,1,1,1,1,1,1,1,1,1,1
99.3759410430839,99.66619047619047,60,49,-5,1,1,1,1,1,1,-4,-4,-4,-4,-4,-4,-4,2,2,-5,-5,-5,-5,-5,-5,-5,-5,-5
99.3759410430839,100.03770975056689,48,67,1,1,1,1,1,1,1,1,1,1,1,2,1,1,1,1,1,1,1,1,1,1,1,1,1,1,1,1,1,1,1,1,1,1,1,1,1,1,1,1,1,1,1,1,1,1,1,1,1,1,1,1,1,1,1,1,1
99.35272108843537,99.93321995464852,63,44,1,1,1,1,1,1,1,1,1,1,1,2,1,1,1,1,1,1,1,1,1,1,1,1,1,1,1,1,1,1,1,1,1,1,1,1,1,1,1,1,1,1,1,1,1,1,1,1,1,1
99.35272108843537,99.5617006802721,58,73,1,1,1,1,1,1,1,1,1,2,2,2,2,2,2,2,2,1
99.2005074829932,99.3411111111111,77,75,1,1,1,2,2,2,2,2,2,2,2,2,1
99.06118775510204,99.25855736961452,75,84,1,1,1,1,1,1,1,1,1,1,1,1,1,1,1,1,2
98.89864807256237,99.11923764172336,73,86,1,1,1,1,1,1,1,1,1,1,1,1,1,1,1,1,1,1,2
98.73610839002268,98.89864807256237,72,82,1,1,1,1,1,1,1,1,1,1,1,1,1,2
98.73610839002268,98.89864807256237,56,49,1,1,2,2,2,2,2,2,2,1,1,1,1,1
98.72449841269842,99.00313786848074,61,45,1,1,1,1,1,1,1,1,1,1,1,1,1,1,1,1,1,1,1,1,1,1,1,1
98.58517868480726,98.7593283446712,70,84,1,1,1,1,1,1,1,1,1,1,1,1,1,1,1
98.43424897959184,98.59678866213153,68,91,1,1,1,1,1,1,1,1,1,1,1,1,1,1
98.20204943310658,98.34136916099774,56,70,1,1,1,1,1,1,1,1,1,1,1,0
98.03950975056689,98.29492925170068,61,63,1,1,1,1,1,1,1,1,1,1,1,1,1,1,1,1,1,1,1,1,1,1
98.02789977324264,98.20204943310658,56,74,1,1,1,1,1,1,1,1,1,1,1,1,1,1,1
97.38935102040817,98.29492925170068,67,86,1,2,2,2,2,2,1,1,1,1,1,2,2,2,2,2,2,1,1,2,2,2,2,2,2,2,2,2,1,1,1,1,1,2,2,2,2,2,1,1,1,1,1,1,1,1,1,1,1,1,1,1,1,1,1,1,1,1,1,1,1,1,1,1,1,1,1,1,1,1,1,1,1,1,1,1,1,1
97.38935102040817,97.62155056689343,60,52,1,1,1,1,1,1,1,1,1,1,1,1,1,1,1,1,1,1,1,1
97.38935102040817,97.83053015873017,44,77,2,2,2,2,2,1,1,1,1,1,1,1,1,1,1,1,1,1,1,1,1,1,1,1,1,1,1,1,1,1,1,1,1,1,1,1,1,1
97.3777410430839,97.59833061224491,51,45,2,2,2,2,2,2,2,2,2,1,1,1,1,2,2,2,1,1,1
97.15586757369614,97.35452108843538,79,64,-5,1,1,1,1,1,1,1,1,1,1,1,1,1,2,2,1,1
96.99332789115647,97.38935102040817,44,66,1,1,1,1,1,1,1,1,1,1,1,1,1,1,1,1,1,1,1,1,1,1,1,1,1,1,1,1,1,1,1,-1,-1,-1,2
96.9817179138322,97.24874739229026,77,79,2,2,1,1,1,1,1,2,2,2,2,1,1,1,1,1,1,1,2,2,2,2,2
96.80756825396826,96.99332789115647,44,86,1,1,1,1,1,1,1,1,1,1,1,1,1,1,1,1
96.73790839002268,96.93527800453515,51,60,1,1,1,1,1,1,1,1,1,1,1,1,1,1,1,1,1
96.72629841269841,96.9817179138322,75,70,1,1,1,1,1,1,1,1,1,1,1,1,1,1,1,1,1,1,1,1,1,1
96.72629841269841,96.92366802721088,63,40,1,1,1,1,1,1,1,1,1,1,1,1,1,1,1,1,1
96.72629841269841,96.93527800453515,56,51,1,1,1,1,1,1,1,1,1,1,1,1,1,1,1,1,1,1
96.65663854875284,96.80756825396826,44,69,1,1,1,1,1,1,1,1,1,1,1,1,1
96.63341859410431,97.34291111111112,60,48,1,1,1,1,1,1,1,1,1,1,1,1,1,1,1,1,1,1,1,1,1,1,1,1,1,1,1,1,1,1,1,1,1,1,1,1,1,1,1,1,1,1,1,1,1,1,1,1,1,1,1,1,1,1,1,1,1,1,1,1,1,1
96.49409886621315,96.79595827664399,72,76,1,1,1,1,1,1,1,1,2,2,2,2,1,1,1,1,1,1,1,1,1,1,1,1,1,1
96.49409886621315,96.65663854875284,43,72,1,1,1,1,1,1,1,1,1,1,2,0,0,0
96.18062947845806,96.34316916099773,77,77,1,1,1,1,1,1,1,1,1,1,1,1,1,1
96.09935963718821,96.25028934240363,55,50,2,2,2,2,2,2,2,2,2,1,1,1,1
96.08774965986395,96.25028934240363,79,74,1,1,2,2,2,2,1,1,1,1,1,1,1,1
96.0413097505669,96.18062947845806,77,36,1,1,1,1,1,2,2,2,2,7,7,1
96.02969977324263,96.18062947845806,65,41,1,1,1,1,1,1,1,1,2,2,2,1,1
95.89038004535148,96.02969977324263,65,59,1,1,1,1,1,1,1,1,1,1,1,1
95.61174058956917,96.08774965986395,79,79,2,2,2,2,2,2,1,1,2,2,2,2,2,2,1,1,1,1,1,2,2,2,2,2,2,2,1,1,1,2,2,2,2,2,2,2,2,1,1,1,1
95.39115102040816,95.6001306122449,71,76,1,1,1,1,1,1,1,1,1,1,1,1,1,1,1,1,1,1
95.35503718820861,95.58852063492064,55,72,1,1,1,1,1,1,1,1,1,1,1,2,2,2,2,1,1,1,1,1,1
95.34342721088436,95.57691065759637,61,64,1,1,1,1,1,1,1,1,1,1,1,1,1,1,1,1,1,1,1,1,1
95.16927755102041,95.44920090702948,66,56,1,-2,-2,-2,-2,-2,-2,-2,-2,-2,-2,-2,-2,-2,-2,-2,-2,-2,-2,-2,-2,-2,-2,-2,-2
94.92546802721088,95.16927755102041,66,99,1,1,1,1,1,1,1,1,1,1,1,1,1,1,1,1,1,1,1,1,1
94.72809841269842,94.86741814058956,65,62,1,1,1,1,1,1,1,1,1,1,1,1
94.70487845804989,94.89063809523809,56,62,1,1,1,1,1,1,1,1,1,1,1,1,1,1,1,1
94.5423387755102,94.90224807256236,61,62,1,1,1,1,1,1,1,1,1,1,1,1,1,1,1,1,1,1,1,1,1,1,1,1,1,1,1,1,1,1,1
94.5423387755102,94.70487845804989,56,40,1,1,1,1,1,1,1,1,1,1,1,1,1,1
94.53072879818593,94.72809841269842,65,60,1,1,1,1,1,1,1,1,1,1,1,1,1,1,1,1,1
94.1011596371882,94.79775827664399,67,85,1,1,1,2,2,2,2,2,2,2,2,2,2,2,2,2,2,2,2,1,1,1,1,1,1,1,1,1,1,1,1,1,1,1,1,1,1,1,1,1,1,1,1,1,1,1,1,1,1,1,1,1,1,1,1,1,1,1,1,-5
94.03149977324263,94.24047936507937,56,53,2,2,2,2,2,2,2,2,2,2,2,2,2,2,2,2,-1,-1
93.93861995464853,94.07793968253968,68,80,2,2,2,1,1,1,1,1,1,1,1,1
93.77608027210884,93.92700997732426,69,82,2,2,2,2,2,2,2,2,2,2,2,2,2
93.6019306122449,93.88057006802721,73,93,1,1,1,1,1,1,2,2,2,2,1,1,1,1,1,1,1,2,2,2,2,2,2,1
93.40456099773243,93.64837052154195,77,83,1,1,1,2,2,1,1,1,1,1,1,1,1,1,2,2,2,1,1,1,1
93.40456099773243,93.59032063492063,65,69,1,1,1,1,1,1,1,1,1,1,1,1,1,1,2,2
93.40456099773243,93.6019306122449,61,41,1,1,1,1,1,1,1,1,1,1,1,1,1,1,1,1,1
92.70667845804988,92.86921814058957,60,50,4,1,1,1,1,1,1,1,1,1,1,1,1,1
92.53252879818594,92.70667845804988,61,69,1,1,1,1,1,1,1,1,1,1,1,1,1,1,1
92.53252879818594,93.28717732426304,56,58,1,1,1,1,1,1,1,1,1,1,1,1,1,1,1,1,1,1,1,1,1,1,1,1,1,1,1,1,1,1,1,1,1,1,1,1,1,1,1,1,1,1,1,1,1,1,1,1,1,1,1,1,1,1,1,1,1,1,1,1,1,1,1,1,1
92.52091882086168,93.21751746031745,65,59,1,1,1,1,1,1,1,1,1,1,1,1,1,1,1,1,1,1,1,1,1,1,1,1,1,1,1,1,1,1,1,1,1,1,1,1,1,1,1,1,1,1,1,1,1,1,1,1,1,1,1,1,1,1,1,1,1,1,1,1
92.11456961451246,92.64862857142857,70,84,1,1,1,1,1,1,1,1,1,1,1,1,1,1,1,1,1,1,1,1,1,1,1,1,1,1,1,1,1,1,1,1,1,1,1,1,1,1,1,1,1,1,1,1,1,1
91.88237006802721,92.07973968253968,72,80,2,2,1,1,1,1,1,1,2,2,2,2,2,1,1,1,1
91.65017052154195,91.88237006802721,77,84,1,1,1,1,1,1,2,2,1,1,1,1,1,1,1,1,2,2,1,2
91.41797097505669,91.60373061224489,65,74,-2,1,1,1,1,1,1,1,1,2,2,2,-1,-1,-1,-1
91.33541723356008,91.49924081632653,56,44,1,1,1,1,1,1,1,1,1,1,1,1,1,1,1
91.20770748299319,91.41797097505669,64,100,1,1,1,1,1,1,1,1,1,1,1,1,1,1,1,1,1,1,1
91.02194784580499,91.18448752834466,63,82,1,1,1,1,1,1,1,1,1,1,2,2,2,2
90.91745804988662,91.1728775510204,66,80,1,1,1,1,1,1,1,1,1,1,1,1,1,1,1,1,1,1,1,1,2,2
90.66203854875283,90.94067800453514,60,74,2,1,1,1,1,1,1,1,1,1,1,1,1,1,1,1,1,1,1,1,1,1,1,1
90.49949886621314,90.91745804988662,66,95,1,1,1,1,1,1,1,1,1,1,1,1,2,2,1,1,1,1,1,1,1,1,1,1,1,1,1,1,1,1,1,1,1,1,1,1
90.03509977324262,90.29051927437641,61,51,1,1,1,1,1,1,1,1,1,1,1,1,1,1,1,1,1,1,1,1,1,1
90.03509977324262,90.20924943310656,55,49,1,1,1,2,2,2,2,1,1,2,2,2,2,2,1
90.03509977324262,90.53432879818594,39,60,1,1,1,1,1,1,1,1,1,1,1,1,1,1,1,1,1,1,1,1,1,1,1,1,1,1,1,1,1,1,1,1,1,1,1,1,1,1,1,1,1,1,1
90.02348979591837,90.31373922902493,72,62,1,1,1,1,1,1,1,1,1,1,1,1,1,1,1,1,2,1,1,1,2,2,2,2,2
90.02348979591837,90.47627891156462,63,73,1,1,1,1,1,1,1,1,1,1,1,1,1,1,1,1,1,1,1,1,1,1,1,1,1,1,1,1,1,1,1,1,1,1,1,1,1,1,1
90.02348979591837,90.4530589569161,51,44,1,1,2,2,2,2,1,1,1,1,1,1,1,1,1,1,1,2,2,2,2,2,2,2,2,2,2,2,2,2,2,2,2,1,1,1,1
90.00026984126984,90.4530589569161,65,58,1,1,1,1,1,2,2,1,1,1,1,1,1,1,-5,-5,-5,-5,-5,-5,-5,-5,-5,-5,-5,1,2,2,2,2,2,2,2,2,2,2,1,1,1
89.76807029478458,90.00026984126984,65,93,1,1,1,1,1,1,1,1,1,1,1,1,1,1,1,1,1,1,1,1
89.55909070294784,89.76807029478458,65,68,1,1,1,1,1,1,1,1,1,1,1,1,1,1,1,1,1,1
89.54748072562357,90.03509977324262,61,89,1,1,1,1,1,1,1,1,1,1,1,1,1,1,1,1,1,1,1,1,1,1,1,1,1,1,1,1,1,1,1,1,1,1,1,1,1,1,1,1,1,1
89.34882721088435,89.55909070294784,65,80,1,1,1,1,1,1,1,1,1,1,1,1,1,1,1,1,1,1,1
89.3372172335601,89.80290022675736,68,81,1,1,1,1,1,1,1,1,1,1,1,1,1,1,1,1,1,1,1,1,1,1,1,1,1,1,1,1,1,1,1,1,1,1,1,1,1,1,1,1,1
89.3372172335601,89.51265079365079,56,62,2,2,2,2,2,1,1,1,1,1,1,1,1,1,1,1
89.1166276643991,89.34882721088435,65,92,1,1,1,1,1,1,1,1,1,1,1,1,1,1,1,1,1,1,1,1
88.88442811791384,89.31399727891157,61,69,1,1,1,1,1,1,1,1,1,1,1,1,1,1,1,1,1,1,1,1,1,1,1,1,1,1,1,1,1,1,2,2,2,1,1,1,1
88.87281814058957,89.18628752834468,73,89,1,1,1,1,1,1,1,1,2,2,2,2,2,1,1,1,1,1,1,1,1,1,1,1,1,1,1
88.73349841269842,88.88442811791384,61,70,1,1,1,1,1,1,1,1,1,1,1,1,1
88.72188843537415,89.1166276643991,65,60,2,2,2,2,2,1,1,1,1,2,2,2,2,2,2,1,1,1,1,1,1,1,1,1,1,1,1,1,1,1,1,1,1,1
88.72188843537415,89.3372172335601,56,75,1,2,2,2,2,2,2,2,2,2,2,2,2,2,2,2,2,2,2,2,2,2,2,2,2,2,2,2,2,2,1,1,1,1,1,1,1,1,1,1,1,1,1,1,1,1,1,1,1,1,1,2,2
88.6754485260771,88.81476825396825,68,45,1,1,1,1,1,1,1,1,1,1,1,1
88.66383854875284,88.82637823129252,58,47,1,1,-5,-5,-5,-4,-4,-4,-4,-4,-4,-4,-4,-4
88.66383854875284,88.86120816326532,46,43,1,1,1,1,1,1,1,1,1,1,1,1,1,2,2,2,2
88.57095873015874,88.73349841269842,61,65,1,1,1,1,1,1,1,1,1,1,1,1,1,1
88.57095873015874,88.72188843537415,56,54,1,1,1,1,1,1,1,1,1,1,1,1,1
88.42002902494332,88.59417868480726,69,79,2,2,2,2,2,2,2,2,2,2,2,2,1,2,2
88.19943945578231,88.72188843537415,65,65,1,1,1,1,1,1,1,1,1,1,1,1,1,2,2,2,2,2,2,2,2,2,2,2,2,2,2,2,2,2,1,1,1,1,1,1,1,1,1,1,1,1,1,1,1
88.00206984126984,88.22265941043085,72,69,1,1,1,1,1,1,1,1,1,1,2,2,1,1,1,1,1,1,1
87.75826031746033,87.9556299319728,69,70,1,1,1,1,1,1,1,1,1,1,1,1,1,1,1,1,1
87.75826031746033,88.22265941043085,57,66,2,1,1,1,1,1,1,1,1,1,1,1,1,1,1,1,1,1,1,2,2,2,2,2,2,2,2,2,2,2,2,2,2,2,2,2,2,2,2,2
87.54928072562359,87.71182040816326,77,57,1,1,1,1,1,1,1,2,2,1,1,1,1,1
87.54928072562359,87.93240997732427,65,39,-2,1,1,1,1,1,1,1,1,-2,-2,-2,-2,-2,-2,-2,-2,-2,-2,-2,-2,-2,-2,-2,-2,-2,-2,-2,1,1,1,1,1
87.37384716553288,87.54928072562359,64,55,1,1,1,1,1,1,1,1,1,1,1,1,1,1,1,1
87.33901723356009,87.52606077097506,60,55,1,1,1,1,1,1,1,1,1,1,1,1,1,1,1,1,1
87.33901723356009,87.75826031746033,53,54,1,1,1,1,1,1,1,1,1,1,1,1,1,1,1,1,1,2,2,2,2,2,2,1,1,1,1,1,1,1,1,1,1,1,1,1,1
87.32740725623583,88.3968090702948,38,71,1,1,1,1,1,1,1,1,1,1,1,1,1,1,1,1,1,1,1,1,1,1,1,1,1,1,1,1,1,1,1,1,1,1,1,1,1,1,1,1,1,1,1,1,1,1,1,1,1,1,1,1,1,1,1,1,1,1,1,1,1,1,1,1,1,1,1,1,1,1,1,1,1,1,1,1,1,1,1,1,1,1,1,1,1,1,1,1,1,1,1,1,1
87.31579727891156,87.75826031746033,57,58,1,1,1,1,1,1,1,1,1,1,1,1,1,2,2,2,2,2,2,2,2,2,2,2,2,2,2,2,2,2,2,2,2,2,2,2,2,2,2
87.18808752834467,87.33901723356009,53,53,1,1,1,1,1,1,1,1,1,1,1,1,1
87.0835977324263,87.3041873015873,81,85,1,1,1,1,1,1,1,1,1,1,1,1,1,1,1,2,2,2,2
86.66563854875284,86.90944807256236,57,59,1,1,1,1,1,1,1,1,1,2,2,2,2,2,2,1,1,1,1,1,1
86.65402857142857,86.79334829931973,84,51,2,2,2,2,2,2,2,2,2,2,2,2
86.65402857142857,87.25774739229026,65,63,1,1,1,1,2,1,1,1,1,1,2,2,2,2,2,2,2,1,1,1,1,1,1,2,2,2,1,1,1,1,1,1,1,1,2,2,2,2,2,1,1,1,1,1,1,1,1,1,1,1,1,1
86.4218290249433,86.65402857142857,65,48,1,1,1,1,1,1,1,1,1,1,1,1,1,1,1,1,1,1,1,1
86.41021904761905,86.6772485260771,81,83,1,1,1,1,1,1,1,1,1,1,1,1,2,1,1,1,1,1,1,1,1,1,1
86.41021904761905,86.66563854875284,57,78,1,1,1,1,1,1,1,1,1,1,1,2,2,1,1,1,1,1,1,1,1,1
86.17801950113379,86.4218290249433,65,79,1,1,1,1,1,1,1,1,1,1,1,1,1,1,1,1,1,1,1,1,1
85.9574299319728,86.17801950113379,65,87,1,1,1,1,1,1,1,1,1,1,1,1,1,1,1,1,1,1,1
85.9574299319728,86.41021904761905,57,79,1,1,1,1,1,1,1,1,1,1,1,1,1,1,1,1,1,1,2,2,2,2,2,2,2,1,1,1,1,1,1,1,1,1,1,1,1,1,1
85.9574299319728,86.363779138322,53,38,1,1,1,1,1,1,1,1,1,1,1,1,1,1,1,1,1,1,1,1,1,2,2,1,1,1,1,1,1,1,1,1,1,1,1
85.93420997732426,86.59597868480726,41,48,1,1,1,1,1,1,1,1,1,1,1,1,1,1,1,1,1,1,1,1,1,1,1,1,1,1,1,1,1,1,1,1,1,1,1,1,1,1,1,1,1,1,1,1,1,1,1,1,1,1,1,1,1,1,1,1,1
85.70201043083901,85.93420997732426,69,86,1,1,1,1,1,1,1,1,1,1,1,2,2,2,2,2,2,2,1,1
85.28276734693877,85.70201043083901,70,76,1,1,1,1,1,1,1,1,1,1,1,1,1,1,1,1,1,1,1,1,1,1,1,1,1,1,1,1,1,1,1,1,1,1,1,1,1
85.03895782312925,85.42337097505668,64,57,1,1,1,1,1,1,1,1,1,1,1,1,1,1,1,2,2,2,1,1,1,1,1,1,1,1,1,1,2,2,2,2,2,1
85.03895782312925,85.55108072562358,57,75,1,1,1,1,1,1,1,1,1,1,1,1,1,1,1,1,1,1,1,1,1,1,1,1,1,1,1,2,2,2,1,1,1,1,1,1,1,1,1,1,1,1,1,1,1
84.84158820861678,85.23632743764172,77,80,1,2,2,2,2,2,2,2,2,2,2,2,2,2,2,2,2,2,2,2,2,2,2,2,2,2,2,1,1,1,1,1,1,1
84.59777868480725,84.86480816326531,72,86,1,1,1,1,1,1,1,1,1,1,1,1,1,1,1,1,1,1,1,1,1,1,1
84.35396916099774,84.59777868480725,71,84,1,1,1,1,2,2,2,2,1,1,1,1,1,1,1,1,1,1,1,1,1
84.35396916099774,84.76031836734694,64,50,1,1,1,1,1,1,1,1,1,1,1,1,1,1,1,1,1,1,1,1,1,1,1,1,1,1,1,1,1,1,1,1,1,1,1
84.29591927437642,84.52811882086168,68,36,7,1,1,1,1,1,1,1,1,1,1,1,1,1,1,1,1,1,1,1
84.27269931972789,84.53972879818593,58,48,1,1,1,1,1,1,1,1,1,1,1,1,1,1,1,1,1,1,1,1,1,1,1
84.13337959183673,84.33074920634921,70,90,1,1,1,1,1,1,1,1,1,1,1,1,1,1,1,1,1
83.94761995464853,84.09854965986395,62,77,1,1,1,1,1,1,1,1,1,1,1,1,1
83.94761995464853,84.08693968253968,58,64,1,1,1,1,1,1,1,1,1,1,1,1
83.91279002267574,84.12176961451247,69,91,1,1,1,1,1,1,1,1,1,1,2,2,2,2,1,1,2,2
83.68059047619047,83.91279002267574,65,96,1,1,1,1,2,1,1,1,1,1,1,1,1,1,1,1,1,2,2,2
83.49483083900226,83.69220045351474,60,61,-5,1,1,1,1,1,1,1,1,1,1,1,1,1,1,1,1
83.26134739229025,83.62254058956916,62,77,1,1,1,1,1,1,1,1,1,1,1,1,1,1,1,1,1,1,1,1,1,1,1,1,1,1,1,1,1,1,-5,-5
83.24973741496598,83.85474013605442,43,78,1,1,1,1,1,1,1,1,1,1,1,1,1,1,1,1,1,1,1,1,1,1,1,1,1,1,1,1,1,1,1,1,1,1,1,1,1,1,1,1,1,1,1,1,1,1,1,1,1,1,1,1,1
83.23812743764172,83.62254058956916,58,71,1,1,1,1,1,1,1,1,1,1,1,1,1,1,1,1,1,1,1,1,1,1,1,1,1,1,1,1,1,1,1,1,1,1
83.01753786848072,83.26134739229025,62,77,1,1,1,1,1,1,1,1,1,1,1,1,1,1,1,1,1,1,1,1,1
83.01753786848072,83.23812743764172,58,60,1,1,1,1,1,1,1,1,1,1,1,1,1,1,1,1,1,2,2
82.69245850340135,83.01753786848072,63,87,1,1,1,1,1,1,1,1,1,1,1,1,1,1,1,1,1,1,1,1,1,1,1,1,1,1,1,1
82.57635873015873,82.91304807256235,51,57,1,1,1,1,1,1,1,1,1,1,1,1,1,1,1,1,1,1,1,1,1,1,1,1,1,1,1,1,1
82.56474875283446,82.83177823129252,57,63,1,1,1,1,1,1,1,1,1,1,1,1,1,1,1,1,1,1,1,1,1,1,1
82.5531387755102,82.69245850340135,63,99,1,1,1,1,1,1,1,1,1,1,1,1
82.5531387755102,82.94787800453514,60,72,1,1,1,1,1,1,1,1,1,1,1,1,1,1,1,1,1,1,1,1,1,1,1,1,1,1,1,1,1,1,1,1,1,2
82.32093922902494,82.5531387755102,60,87,1,1,1,1,1,1,1,1,1,1,1,1,1,1,1,1,1,1,1,1
81.87976009070294,82.30932925170067,42,71,1,1,1,1,1,1,1,1,1,1,1,0,0,0,1,1,1,1,1,1,1,1,1,1,1,1,1,1,1,1,1,1,1,1,1,1,1
81.85654013605442,82.47186893424036,62,67,1,1,1,1,1,1,1,1,1,2,2,1,1,1,1,1,1,1,1,1,1,1,2,2,1,1,1,1,1,1,1,1,2,1,1,1,1,1,1,1,1,-5,-5,-5,-5,-5,-5,-5,-5,-5,-5,-5,-5
81.8333201814059,82.48347891156462,51,62,1,1,1,1,1,1,1,1,1,1,1,1,1,1,1,1,1,1,1,1,1,1,1,1,1,1,1,1,1,1,1,1,1,1,1,1,1,1,1,1,1,1,1,1,1,1,1,1,1,1,1,1,1,1,1,1
81.67078049886621,82.367379138322,57,47,1,1,1,1,1,1,1,1,1,1,1,1,1,1,1,1,1,1,1,1,1,1,1,1,1,1,1,1,1,1,1,1,1,1,1,1,1,1,1,1,1,1,1,1,1,1,1,1,1,1,1,1,1,1,1,1,1,1,1,1
81.67078049886621,81.8333201814059,51,68,1,1,1,1,1,1,1,1,1,1,1,1,1,1
81.63595056689341,81.85654013605442,62,82,1,1,1,1,1,1,1,1,1,1,1,1,1,1,1,1,1,1,1
81.26314739229025,81.63595056689341,63,99,1,1,1,1,1,1,1,1,1,1,1,1,1,1,1,1,1,1,1,1,1,1,1,1,1,1,1,1,1,1,2,2,2
81.14704761904763,81.58951065759636,58,69,1,1,1,1,1,1,1,1,1,1,1,1,1,1,1,1,1,1,1,1,1,1,1,1,1,1,1,1,1,1,1,1,1,1,1,1,1,1,1
81.13543764172336,81.55468072562358,60,57,1,1,1,1,1,1,1,1,1,-5,-5,-5,-5,-5,1,1,1,1,1,2,2,2,1,1,1,1,1,1,1,1,1,1,1,1,1,1,1
80.90323809523811,81.13543764172336,60,83,-5,1,1,1,1,1,1,1,1,1,1,1,1,1,1,1,1,1,1,1
80.47366893424037,81.14704761904763,58,81,1,1,1,1,1,1,1,1,1,1,1,1,1,1,1,1,1,1,1,1,1,1,1,1,1,1,1,1,1,1,1,1,1,1,1,1,1,1,1,1,1,1,1,1,1,1,1,1,1,1,1,1,1,1,1,1,1,1
80.46205895691611,81.05416780045353,62,74,1,1,1,1,1,1,1,1,1,1,1,1,1,1,1,1,1,1,1,1,1,1,1,1,1,1,1,1,1,1,1,1,1,1,1,1,2,1,1,1,1,1,1,1,1,1,1,1,1,-5,-5
80.46205895691611,81.08899773242631,43,79,1,1,1,1,1,1,1,1,1,1,1,1,1,1,1,1,1,1,1,1,1,1,1,1,1,1,1,1,1,1,1,1,1,1,1,1,1,1,1,1,1,1,1,1,1,1,1,1,1,1,1,1,1,1
80.40400907029479,81.27475736961452,53,44,1,1,1,1,1,1,1,1,1,1,1,1,1,1,1,1,1,1,1,1,1,1,1,1,1,1,1,1,1,1,1,1,1,1,1,1,1,1,1,1,1,1,1,1,1,1,1,1,1,1,1,1,1,1,1,1,1,1,1,1,1,1,1,1,1,1,1,1,1,1,1,1,2,2,2
80.21824943310658,80.43883900226758,60,93,1,1,1,1,1,1,1,1,1,1,1,1,1,1,1,1,1,1,-5
79.78868027210885,79.96282993197279,62,70,1,1,1,1,1,1,1,1,1,1,1,1,1,1,1
79.7770702947846,80.1834195011338,59,64,1,1,1,1,1,1,1,1,1,1,1,1,1,1,1,1,1,1,1,1,1,1,1,1,1,1,1,1,1,1,1,1,1,1,1
79.09079773242631,79.24172743764173,62,45,1,1,1,1,1,1,1,1,1,1,1,1,1
79.09079773242631,79.7770702947846,59,72,1,1,1,1,1,1,1,1,1,1,1,1,1,1,1,1,1,1,1,1,1,1,1,1,1,1,1,1,1,1,1,1,1,1,1,1,1,1,1,1,1,1,1,1,1,1,1,1,1,1,1,1,1,1,1,1,1,1,1,1
79.07918775510204,80.16019954648527,43,69,1,1,1,1,1,1,1,1,1,1,1,1,1,1,1,1,1,1,1,1,1,1,1,1,1,1,1,1,1,1,1,1,1,1,1,1,1,1,1,1,1,1,1,1,1,1,1,1,1,1,1,1,1,1,1,1,1,1,1,1,1,1,1,1,1,1,1,1,1,1,1,1,1,1,1,1,1,1,1,1,1,1,1,1,1,1,1,1,1,1,1,1,1,1
78.84698820861678,79.09079773242631,68,55,1,1,1,1,1,1,1,1,1,1,1,1,1,1,1,1,1,1,1,1,1
78.83537823129252,79.42748707482994,76,46,1,1,1,1,1,1,1,1,1,1,1,1,1,1,1,1,1,1,1,1,1,1,1,1,1,1,1,1,1,1,1,1,1,1,1,1,1,1,1,1,1,1,1,1,1,1,1,1,1,1,1
78.83537823129252,80.1834195011338,65,61,2,1,1,1,1,1,1,1,1,1,1,1,1,1,1,1,1,1,1,1,1,1,1,1,1,1,1,1,1,1,1,1,1,1,1,1,1,1,1,1,1,1,1,1,1,1,1,1,1,1,1,1,1,1,1,1,1,1,1,1,1,1,1,1,1,1,1,1,1,1,1,1,1,1,1,1,1,1,1,1,1,1,1,1,1,1,1,1,1,1,1,1,1,1,1,1,1,1,1,1,1,1,1,1,1,1,1,1,1,1,1,1,1,1,1,1,1
78.82376825396825,79.09079773242631,59,81,1,1,1,1,1,1,1,1,1,1,1,1,1,1,1,1,1,1,1,1,1,1,1
78.39419909297052,78.55673877551021,62,70,1,1,1,1,1,1,1,1,1,1,1,1,1,1
78.150389569161,78.83537823129252,65,50,1,1,1,1,1,1,1,1,1,1,1,1,1,1,1,1,1,1,1,1,1,1,1,1,1,1,1,1,1,1,1,1,1,1,1,1,1,1,1,1,1,1,1,1,1,1,1,1,1,1,1,1,1,1,1,1,1,2,2
78.13877959183674,78.83537823129252,76,43,1,1,1,1,1,1,1,1,1,1,1,1,1,1,1,1,1,1,1,1,1,1,1,1,1,1,1,1,1,1,1,1,1,1,1,1,1,1,1,1,1,1,1,1,1,1,1,1,1,1,1,1,1,1,1,1,1,1,1,1
78.13877959183674,78.38258911564627,69,69,1,1,1,1,1,1,1,1,1,1,1,1,1,1,1,1,1,1,1,1,1
78.11555963718821,78.812158276644,60,71,1,1,1,1,1,1,1,1,1,1,1,1,1,1,1,1,1,1,1,1,1,1,1,1,1,1,1,1,1,1,1,1,1,1,1,1,1,1,1,1,1,1,1,1,1,1,1,1,1,1,1,1,1,1,1,1,1,1,1,1
77.7440403628118,78.22004943310658,43,83,1,1,1,1,1,1,1,1,1,1,1,1,1,1,1,1,1,1,1,1,1,1,1,1,1,1,1,1,1,1,1,1,1,1,1,1,1,1,1,1,1
77.69760045351474,77.8369201814059,64,54,1,2,2,2,2,2,2,1,1,1,2,2
77.69760045351474,78.04589977324264,59,62,1,1,1,1,1,1,1,1,1,1,1,1,1,1,1,1,1,1,1,1,1,1,1,1,1,1,1,1,1,1
77.47701088435375,78.10394965986394,62,66,1,1,1,1,1,1,1,1,1,1,1,1,1,1,1,1,1,1,1,1,1,1,1,1,1,1,1,1,1,1,1,1,1,1,1,1,1,1,1,1,1,1,1,1,1,1,1,1,1,1,1,1,1,1
77.47572698412698,77.69760045351474,59,74,1,1,1,1,1,1,1,1,1,1,1,1,1,1,1,1,1,1,1,1
77.02293786848072,77.62794058956916,65,87,1,1,1,1,1,1,1,1,2,2,2,2,1,1,1,1,1,1,1,1,1,1,1,1,1,1,1,1,1,1,1,1,1,1,1,1,1,1,1,1,1,1,1,1,1,1,1,1,1,1,1,1,1
76.98810793650793,77.1274276643991,60,43,1,1,1,1,1,1,1,1,1,1,1,1
76.79073832199546,77.02293786848072,65,73,1,1,1,1,1,1,1,1,1,1,1,1,1,1,1,1,1,1,1,1
76.77912834467121,77.41767709750567,69,66,1,1,1,1,1,1,1,1,1,1,1,1,1,1,1,1,1,1,1,1,1,1,1,1,1,1,1,1,1,1,1,1,1,1,1,1,1,1,1,1,1,1,1,1,1,1,1,1,1,1,1,1,2,2,2
76.76751836734694,77.034547845805,81,41,1,1,1,1,1,1,1,1,1,1,1,1,1,1,1,1,1,1,1,1,1,1,1
76.34955918367346,76.79073832199546,65,95,1,1,1,1,1,1,1,1,1,1,1,1,1,1,1,1,1,1,1,1,1,1,1,1,1,1,1,1,1,1,1,1,1,1,1,1,1,1
76.33794920634921,76.61658866213152,60,41,1,1,1,2,2,2,1,1,1,1,1,1,1,1,1,1,1,1,1,1,1,1,1,1
76.33794920634921,77.10420770975057,53,53,1,1,1,1,1,1,1,1,1,1,1,1,1,1,1,1,1,1,1,1,1,1,1,1,1,1,1,1,1,1,1,1,1,1,1,1,1,1,1,1,1,1,1,1,1,1,1,1,1,1,1,1,1,1,1,1,1,1,1,1,1,1,1,1,1,1
76.32633922902494,76.95327800453515,38,69,1,1,1,1,1,1,1,1,1,1,1,1,1,1,1,1,1,1,1,1,1,1,1,1,1,1,1,1,1,1,1,1,1,1,1,1,1,1,1,1,1,1,1,1,1,1,1,1,1,1,1,1,1,1
76.08252970521542,76.77912834467121,69,66,1,1,1,1,1,2,2,2,2,2,2,1,1,1,1,1,1,1,1,1,1,1,1,1,1,1,1,1,1,1,1,1,1,1,1,1,1,1,1,1,1,1,1,1,1,1,1,1,1,1,1,1,1,1,1,1,1,1,1,1
76.08252970521542,76.33794920634921,53,41,1,1,1,1,1,1,2,2,2,2,1,1,1,1,1,1,1,1,1,2,2,1
76.07091972789115,76.29150929705216,60,47,1,1,1,1,1,1,1,1,1,1,1,1,1,1,1,1,1,1,1
76.03608979591837,76.23345941043084,62,34,2,2,2,2,-5,-5,1,1,1,1,1,1,1,1,1,1,1
75.62974058956917,76.01286984126985,72,77,1,1,1,1,1,1,1,1,1,1,1,1,1,1,1,1,1,1,1,1,1,1,1,1,1,1,1,1,1,1,1,1,1
75.62974058956917,75.83872018140589,55,70,1,1,1,1,1,1,1,1,1,1,1,1,1,1,1,1,1,1
75.6181306122449,75.81550022675736,60,54,1,1,1,1,1,1,1,1,1,1,1,1,1,1,1,1,1
75.38464716553288,75.6181306122449,69,86,4,1,1,1,1,1,1,1,1,1,2,2,2,2,2,2,2,2,1,1,1
75.15244761904762,75.29176734693877,43,61,1,1,1,1,1,1,1,1,1,1,0,0
74.94346802721088,75.24532743764172,55,64,2,1,1,1,1,1,1,1,1,1,2,2,1,1,1,1,1,1,1,2,2,2,2,2,1,1
74.93185804988661,75.38464716553288,70,99,1,1,1,1,1,1,1,1,1,1,1,1,1,1,1,1,1,1,1,1,1,1,1,1,1,1,1,1,1,1,1,1,1,1,1,1,1,1,1
74.93185804988661,75.15244761904762,43,53,0,0,-1,-1,-1,-1,1,1,1,1,1,2,2,1,1,1,1,1,1
74.27008934240362,74.50228888888888,55,75,2,2,1,1,1,1,1,2,2,2,2,2,2,2,2,1,1,1,1,1
74.25847936507937,74.85058820861678,65,64,2,2,2,1,1,1,1,2,1,1,1,1,1,1,1,1,1,1,1,1,1,1,1,1,1,1,1,1,1,1,1,1,1,1,1,1,1,1,1,1,1,1,1,1,1,1,1,1,1,1,1
74.25847936507937,74.45584897959183,61,58,2,1,1,1,1,1,1,1,1,1,1,1,1,1,1,1,1
73.60832063492063,73.81730022675737,55,76,2,2,2,2,2,2,2,2,2,2,2,2,2,2,1,1,1,1
73.55027074829931,73.82891020408162,43,51,2,2,2,2,1,1,1,1,1,1,1,1,1,1,1,1,1,1,1,1,1,1,1,1
73.4096671201814,73.66637052154195,77,44,1,1,1,1,1,1,1,1,1,1,1,1,1,1,1,2,2,2,2,2,2,2,1
73.37483718820862,74.25847936507937,65,51,1,1,1,1,1,1,1,1,1,1,1,1,1,1,1,1,1,1,1,1,1,1,1,1,1,1,1,1,1,1,1,1,1,1,1,1,1,1,1,1,1,1,1,1,1,1,1,1,1,1,1,1,1,1,1,1,1,1,1,1,1,1,1,1,1,1,1,1,1,1,1,1,1,1,2,2,2
72.92204807256235,73.10780770975056,89,40,1,1,1,1,1,1,1,1,1,2,1,1,1,1,1,1
72.92204807256235,73.30517732426303,77,66,1,1,1,1,1,1,1,1,1,1,1,1,1,1,1,1,1,1,1,1,1,1,1,1,1,1,1,1,1,2,2,1,1
72.92204807256235,73.23551746031745,55,75,1,1,1,1,1,1,1,1,1,1,1,1,1,1,1,1,1,1,1,1,1,1,1,1,1,1,1
72.49247891156462,73.37483718820862,65,50,1,1,1,1,1,1,1,1,1,1,1,1,1,1,1,1,1,1,1,1,1,1,1,1,2,2,1,1,1,1,1,1,1,1,2,2,2,1,1,1,1,1,1,1,1,1,1,1,1,1,1,1,1,1,1,1,1,1,1,1,1,1,1,1,1,1,1,1,1,1,1,1,1,1,1,1
72.48086893424036,72.8756081632653,72,87,1,1,1,1,1,1,1,1,1,1,1,1,1,2,2,2,1,1,1,1,1,1,2,2,2,2,2,2,2,1,1,1,1,2
72.29510929705215,72.92204807256235,55,68,1,1,1,1,1,1,1,1,1,1,1,1,1,1,1,1,1,1,1,1,1,1,1,1,1,1,1,1,1,1,1,1,1,1,1,1,1,1,1,1,1,1,1,1,1,1,1,1,1,1,1,2,2,2
72.22544943310658,72.98009795918367,39,66,1,1,1,1,1,1,1,1,1,1,1,1,1,1,1,1,1,1,1,1,1,1,1,1,1,1,1,1,1,1,1,1,1,1,1,1,1,1,1,1,1,1,1,1,1,1,1,1,1,1,1,1,1,1,1,1,1,1,1,1,1,1,1,1,1
72.07451972789116,72.48086893424036,72,81,1,1,1,1,1,1,1,1,1,1,1,1,1,1,1,1,1,1,1,1,1,1,1,1,1,1,1,1,1,2,2,2,2,1,1
72.07451972789116,72.38798911564625,65,50,1,1,1,1,1,1,1,1,1,1,1,1,1,1,1,1,1,1,1,1,1,1,1,1,1,1,1
72.06290975056689,73.36322721088435,61,59,1,1,1,1,1,1,1,1,1,1,1,1,1,1,1,1,1,1,1,1,1,1,1,1,1,1,1,1,1,1,1,1,1,1,1,1,1,1,1,1,1,1,1,1,1,1,1,1,1,1,1,1,1,1,1,1,1,1,1,1,1,1,1,1,1,1,1,1,1,1,1,1,1,1,1,1,1,1,1,1,1,1,1,1,1,1,1,1,1,1,1,1,1,1,1,1,1,1,1,1,1,1,1,1,1,1,1,1,1,1,1,1
72.01646984126984,72.2138394557823,67,38,1,1,1,1,1,1,1,1,1,1,1,1,1,1,1,1,1
72.01646984126984,72.29510929705215,55,59,2,1,1,1,1,1,1,1,1,1,1,1,1,1,1,1,1,1,1,1,1,1,1,1
71.59851065759636,72.06290975056689,61,70,1,1,1,1,1,1,1,1,1,1,1,1,1,1,1,1,1,1,1,1,1,1,1,1,1,1,1,1,1,1,1,1,1,1,1,1,1,1,1,1
71.59851065759636,71.76105034013605,56,56,1,1,1,1,1,1,1,1,1,1,1,1,1,1
71.58690068027211,72.00485986394557,73,83,1,1,1,1,1,1,1,1,1,1,1,1,1,1,1,1,1,1,1,1,1,1,1,1,1,1,1,1,1,1,1,1,1,1,1,1
71.34180725623584,71.91198004535147,70,67,1,1,1,1,1,1,1,1,1,1,1,1,1,1,1,1,1,1,1,1,1,1,1,1,1,1,1,1,1,1,1,1,1,1,1,1,1,1,1,1,1,1,1,1,1,1,1,1,1,1
71.34180725623584,71.50434693877551,58,48,1,1,1,1,1,1,1,1,1,1,1,1,1,1
71.09799773242631,71.59851065759636,56,63,1,1,1,1,1,1,1,1,1,1,1,1,1,1,1,1,1,1,1,1,1,1,1,1,1,1,1,1,1,1,1,1,1,1,1,1,1,1,1,1,1,1,1,1
70.87740816326532,71.09799773242631,56,80,1,1,1,1,1,1,1,1,1,2,2,1,1,1,1,1,1,1,1
70.66842857142858,70.88901814058957,72,61,1,1,1,1,2,2,2,1,1,1,1,1,1,1,1,1,1,1,1
70.66842857142858,71.59851065759636,61,65,1,1,1,1,1,1,1,1,1,1,1,1,1,1,1,1,1,1,1,1,1,1,1,1,1,1,1,1,1,1,1,1,1,1,1,1,1,1,1,1,1,1,1,1,1,1,1,1,1,1,1,1,1,1,1,1,1,1,1,1,1,1,1,1,1,1,1,1,1,1,1,1,1,1,1,1,1,1,1,1,1
70.66842857142858,70.87740816326532,56,51,1,1,1,1,1,1,1,1,1,1,1,1,1,1,1,1,1,1
70.1924195011338,70.43622902494332,61,51,1,1,1,1,1,1,1,1,1,1,1,1,1,1,1,1,1,1,1,1,1
70.18080952380953,70.66842857142858,73,95,1,1,1,1,1,1,1,1,1,1,1,1,1,1,1,1,1,1,1,1,1,1,1,1,1,1,1,1,1,1,1,1,1,1,1,1,1,1,1,1,1,1
69.94860997732427,70.2504693877551,70,83,1,1,1,1,1,1,1,1,1,1,1,1,1,1,1,1,1,1,1,1,1,1,1,1,1,1
69.50614693877552,70.08792970521543,72,75,1,1,1,1,1,1,1,1,1,1,1,1,1,1,1,1,1,1,1,1,1,1,1,1,1,1,1,1,1,1,1,1,1,1,1,1,1,1,1,-5,-5,-5,-5,-5,-5,-5,-5,-5,-5,-5,-5
69.50614693877552,69.80929024943312,56,65,1,2,2,2,1,1,1,1,1,1,1,1,1,1,1,1,1,1,1,1,1,1,1,1,1,1,1
69.29716734693878,69.4480970521542,70,58,1,1,1,1,1,1,1,1,1,1,1,1,1
68.85598820861678,69.50614693877552,72,76,-4,-4,2,2,2,2,2,2,2,2,1,1,1,2,2,2,2,2,2,1,1,1,1,1,2,2,2,2,2,2,2,2,2,2,2,2,2,2,2,2,2,2,2,2,2,2,2,-5,-5,-5,-5,-5,0,1,1,1
68.84437823129252,69.07657777777779,58,76,1,1,1,1,2,2,1,1,1,1,1,1,1,1,1,1,1,1,1,1
68.57734875283447,68.98369795918367,70,99,1,1,1,1,1,1,1,1,1,1,1,1,1,1,1,1,1,1,1,1,1,1,1,1,2,2,2,2,2,2,2,2,2,2,1
68.57734875283447,68.84437823129252,58,55,1,1,1,1,1,1,1,1,1,1,1,1,1,1,1,1,1,1,1,1,1,1,1
68.19421950113379,68.56573877551021,58,83,1,1,1,1,1,1,1,1,1,1,1,1,1,1,1,1,1,1,1,1,1,1,1,1,1,1,1,1,1,1,1,1
68.12455963718821,68.73988843537416,41,70,1,1,1,1,1,1,1,1,1,1,1,1,1,1,1,1,1,1,1,1,1,1,1,1,1,1,1,1,1,1,1,1,1,1,1,1,1,1,1,1,1,1,1,1,1,1,1,1,1,1,1,1,1
67.9388,68.13616961451247,67,62,1,1,1,1,1,1,1,1,1,1,1,1,1,1,1,1,1
67.9388,68.49607891156462,60,49,1,1,1,1,1,1,1,1,1,1,1,1,1,1,1,1,1,1,1,1,1,-5,-5,-5,-5,-5,-5,-5,-5,-5,-5,-5,-4,-5,-5,-5,-5,-5,-5,-5,-5,-5,-5,-5,-5,-5,-5,-5
67.9388,68.19421950113379,58,65,1,1,1,1,1,1,1,1,1,1,1,1,1,1,1,1,1,1,1,1,1,1
67.49633696145125,67.6253306122449,65,51,1,1,1,1,1,1,1,1,1,1,1,1
67.47311700680272,67.66016054421769,60,72,2,2,2,2,2,2,2,2,2,2,2,2,2,1,1,1,1
66.99710793650793,67.88075011337868,38,67,1,1,1,1,1,1,1,1,1,1,1,1,1,1,1,1,1,1,1,1,1,1,1,1,1,1,1,1,1,1,1,1,1,1,1,1,1,1,1,1,1,1,1,1,1,1,1,1,1,1,1,1,1,1,1,1,1,1,1,1,1,1,1,1,1,1,1,1,1,1,1,1,1,1,1,1,1
66.82295827664399,67.85753015873016,57,51,1,1,1,1,1,1,1,1,1,1,1,1,1,1,1,1,1,1,1,1,1,1,1,1,1,1,1,1,1,1,1,1,1,1,1,1,1,1,1,1,1,1,1,1,1,1,1,1,1,1,1,1,2,2,2,2,2,2,2,1,1,1,1,1,1,1,1,1,1,1,1,1,1,1,1,1,1,1,1,1,1,1,1,1,1,1,1,1,1,1
66.79973832199546,66.99710793650793,38,80,1,1,1,1,1,1,1,1,1,1,1,1,1,1,1,1,1
66.78812834467121,67.1364276643991,65,60,1,1,1,1,1,1,1,1,1,1,1,1,1,1,1,1,1,1,1,1,1,1,1,1,1,1,1,1,1,1
66.76490839002267,67.47311700680272,60,64,1,1,1,1,1,1,1,1,1,1,1,1,1,1,1,2,2,2,2,2,1,1,1,1,1,1,1,1,1,1,1,1,1,1,1,1,1,2,2,2,1,1,1,1,1,1,1,1,1,1,1,1,1,1,1,1,1,1,2,1,2
66.13796961451247,66.74168843537414,58,76,2,1,1,1,1,1,1,1,2,2,2,1,1,1,1,1,1,1,1,1,1,1,1,1,1,1,1,1,1,1,1,1,1,1,1,1,1,1,1,1,1,1,1,1,1,1,1,1,1,1,1,1
65.85933015873016,66.09152970521542,67,63,1,1,1,1,1,1,1,1,1,1,1,1,1,1,1,1,1,1,1,1
65.85933015873016,66.76490839002267,60,70,1,1,1,1,1,1,1,1,1,1,1,2,2,1,1,1,1,1,1,1,1,2,2,2,-4,1,1,1,1,1,1,1,-4,2,2,1,1,1,1,1,1,1,1,-5,-5,-5,-5,-5,1,1,1,1,1,-5,-5,-5,-5,-5,-5,-5,-5,1,1,1,-5,-5,-5,-5,-5,-5,-5,-5,-5,1,1,1,1,1
65.84772018140589,66.70685850340136,63,75,1,1,1,1,1,1,1,1,1,1,1,1,1,1,1,1,1,1,1,1,1,1,1,1,1,1,1,1,1,1,1,1,1,1,1,1,1,1,1,1,1,1,1,1,1,1,1,1,1,1,1,1,1,1,1,1,1,1,1,1,1,1,1,1,1,1,1,1,1,1,1,1,1,1
65.84772018140589,66.13796961451247,58,74,1,1,1,1,1,1,1,1,1,1,1,1,1,1,1,1,1,1,1,1,1,1,1,2,2
65.20788752834467,65.9406,70,86,1,1,1,1,1,1,1,2,2,1,1,1,1,1,1,1,2,2,2,1,1,1,1,1,1,1,1,1,1,1,1,1,1,1,1,1,1,1,1,1,1,1,1,1,1,1,1,1,1,1,1,1,1,1,1,1,1,1,1,1,1,1,1,1
64.73187845804988,65.0105179138322,82,55,1,1,1,1,1,1,1,1,1,1,1,1,1,1,1,1,1,1,1,1,1,1,1,1
64.73187845804988,65.20788752834467,70,77,1,1,1,1,1,1,1,1,1,1,1,1,1,1,1,1,1,1,1,1,1,1,1,1,1,1,1,1,1,1,1,1,1,1,1,1,1,1,1,1,1
64.73187845804988,64.97568798185941,58,49,-1,-1,-1,-1,-1,-1,-1,-1,-1,1,1,1,1,1,1,1,1,1,1,1,1
64.46484897959184,64.60416870748298,83,51,2,2,1,1,1,1,1,1,2,2,2,2
64.46484897959184,64.65060861678005,71,69,1,1,1,1,1,1,1,1,1,1,1,1,1,1,1,1
64.0352798185941,64.41840907029479,72,64,1,1,1,2,1,1,1,1,1,1,1,1,1,1,1,1,1,1,1,1,1,1,1,1,2,2,2,1,1,1,1,1,1
63.93079002267574,64.40679909297052,65,55,2,2,2,2,2,1,1,1,1,2,2,2,2,1,1,1,1,1,1,1,1,1,1,1,1,1,1,1,1,1,1,1,1,1,1,1,1,1,1,1,1
63.77986031746032,63.93079002267574,74,54,2,1,2,2,2,2,2,2,2,2,1,2,2
63.76825034013605,63.94239999999999,81,72,2,1,1,1,2,2,2,2,2,2,2,2,2,2,2
63.31417732426304,63.52315691609977,57,64,1,1,1,1,2,2,2,2,1,1,1,1,1,1,1,1,1,1
63.29095736961451,63.71020045351473,67,46,1,1,1,1,1,1,1,1,1,1,1,1,1,1,2,2,2,2,2,2,2,2,2,2,1,2,2,2,2,2,2,1,1,1,1,1,1
63.14002766439909,63.27934739229025,86,36,2,2,2,2,2,2,2,2,2,2,2,2
63.12841768707483,63.77986031746032,74,86,1,1,1,1,1,1,2,2,2,2,2,2,2,1,1,1,1,1,1,1,1,1,1,1,1,1,2,2,2,2,2,2,2,2,2,2,2,2,2,2,2,2,2,2,2,2,1,1,1,1,2,2,2,2,2,2,2
62.75689841269841,63.058757823129255,57,76,1,1,1,1,1,1,1,1,1,1,1,1,1,1,1,1,1,1,1,1,1,1,1,1,1,1
62.65240861678004,63.03553786848072,60,50,1,1,1,1,1,1,1,1,1,1,1,1,1,1,1,1,1,1,1,1,1,1,1,1,1,1,1,2,2,2,1,1,1
62.64079863945578,63.058757823129255,72,76,1,1,1,1,1,1,1,1,1,1,1,1,1,1,1,1,1,1,1,1,1,1,1,1,1,1,1,1,1,2,2,1,1,1,1,1
62.617578684807256,63.14002766439909,41,74,1,1,1,1,1,1,1,1,1,1,1,1,1,1,1,1,1,1,1,1,1,1,1,1,1,1,1,1,1,1,1,1,1,1,1,1,1,1,1,1,1,1,1,1,1
62.58274875283447,62.74528843537415,67,42,1,1,1,1,1,1,1,1,1,1,1,1,1,1
62.58274875283447,62.75689841269841,57,71,1,1,1,1,1,1,1,1,1,1,1,1,1,1,1
62.40859909297052,62.64079863945578,72,86,1,1,1,1,1,1,1,1,1,1,1,1,2,2,1,1,1,1,1,1
62.04868979591837,62.292499319727895,57,68,1,1,1,1,1,1,1,1,1,1,1,1,1,1,1,1,1,1,1,1,1
61.397247165532875,62.04868979591837,57,77,1,1,1,1,1,1,1,1,1,1,1,1,2,2,2,2,1,1,1,1,1,1,1,1,1,1,1,1,1,1,1,1,1,1,1,1,1,1,1,1,1,1,1,1,1,1,1,1,1,1,1,1,1,2,2,2,2
61.234707482993194,61.96741995464853,69,53,1,1,1,1,1,1,1,1,1,1,1,1,1,1,1,1,1,1,1,1,1,1,1,1,1,1,1,1,1,1,1,1,1,1,1,1,2,2,2,2,2,2,2,2,2,2,1,1,1,1,1,1,1,1,1,2,2,2,2,2,1,1,1,1
61.234707482993194,61.397247165532875,57,85,1,1,1,1,1,1,1,1,1,1,1,1,1,1
61.22309750566893,61.64234058956916,41,55,2,2,2,1,1,2,2,2,2,2,2,2,2,2,2,2,2,2,2,2,2,2,2,2,2,2,2,2,2,2,2,2,2,2,2,2,2
61.15343764172336,62.292499319727895,63,51,1,1,1,1,1,1,1,1,1,1,1,1,1,1,1,1,1,1,1,1,1,1,1,1,1,1,1,1,1,1,1,1,1,1,1,1,1,1,1,1,1,1,1,1,1,1,1,1,1,1,1,1,1,1,1,1,1,1,1,1,1,1,1,1,1,1,1,1,1,1,1,1,1,1,1,1,1,1,1,1,1,1,1,1,1,1,1,1,1,1,1,1,1,1,1,1,1,1,1
61.014117913832195,61.21148752834467,70,74,1,1,1,1,1,1,1,1,1,1,1,1,1,1,1,1,1
60.78191836734694,61.22309750566893,67,86,1,1,1,1,1,1,1,1,1,1,1,1,2,2,2,2,1,1,1,1,1,2,2,2,2,2,1,1,1,1,1,1,1,2,2,2,2,1
60.61937868480725,61.24631746031746,75,48,1,1,1,1,1,1,1,1,1,1,1,1,1,1,1,1,1,1,1,1,1,1,1,1,1,2,2,2,2,1,1,1,1,1,1,1,1,1,1,1,1,1,1,1,1,2,2,2,2,1,1,1,1,1
60.56132879818594,60.78191836734694,67,44,1,1,1,1,1,1,1,1,1,1,1,1,1,1,1,1,1,1,1
60.54971882086168,60.77030839002267,77,50,1,1,1,1,1,1,-5,-5,1,1,1,1,1,1,1,1,1,1,1
60.54971882086168,60.75869841269841,58,66,1,1,1,1,1,1,1,1,1,1,1,1,1,1,1,1,1,1
60.30590929705215,60.54971882086168,77,50,1,1,2,2,2,2,1,1,1,1,1,1,2,2,2,1,1,-5,-5,-5,-5
60.085319727891154,60.32912925170068,70,71,-7,1,1,1,1,1,1,1,1,1,1,1,1,1,1,1,1,1,1,1,1
60.085319727891154,60.54971882086168,58,63,1,1,1,1,1,1,1,1,1,1,1,1,1,1,1,1,1,1,1,1,1,1,1,1,1,1,1,1,1,1,1,1,1,1,1,1,1,1,1,1
59.864730158730154,60.247859410430834,67,88,1,1,1,1,1,1,2,2,2,2,2,2,1,1,1,1,2,2,2,2,2,2,2,2,1,1,1,1,1,2,2,2,2
59.864730158730154,60.085319727891154,58,53,1,1,1,1,2,2,2,2,2,2,2,2,2,2,2,1,2,2,1
59.62092063492063,61.15343764172336,63,52,1,1,1,1,1,1,1,1,1,1,1,1,1,1,1,1,1,1,1,1,1,1,1,1,1,1,1,2,2,2,2,2,1,1,1,1,1,1,1,1,1,1,1,1,1,1,1,1,1,1,1,2,2,1,1,1,1,1,1,1,1,1,1,1,1,1,1,1,1,1,1,1,1,1,1,1,1,1,1,1,1,1,1,1,1,1,1,1,1,1,1,1,1,1,1,1,1,1,1,1,1,1,1,1,1,1,1,1,1,1,1,1,1,1,1,1,1,1,1,1,1,1,1,1,1,1,1,1,1,1,1,1
59.60931065759637,59.85312018140589,75,91,1,1,1,1,1,1,1,1,1,1,1,1,1,1,1,1,1,1,1,1,1
59.43387709750567,59.58480680272109,79,67,1,1,1,1,2,1,1,1,1,1,1,1,1
59.340997278911566,59.58480680272109,63,51,1,1,1,1,1,1,1,1,1,1,1,1,1,1,1,1,1,1,1,1,1
59.3293873015873,59.60931065759637,58,52,1,1,1,1,1,1,1,1,1,1,1,1,1,1,1,1,1,1,1,1,1,1,1,1,1
59.19006757369615,59.62092063492063,67,62,1,1,1,1,1,1,1,1,1,1,1,1,1,1,1,2,1,1,1,1,1,1,1,1,1,1,1,1,1,1,1,1,1,1,1,1,1,1
59.19006757369615,59.3293873015873,58,53,1,1,1,2,2,2,2,2,1,1,1,1
58.94625804988662,59.15523764172336,79,52,1,1,1,1,1,1,1,1,1,1,1,1,1,1,1,1,1,1
58.94625804988662,59.19006757369615,67,81,1,1,1,1,1,1,1,1,1,1,1,1,1,1,1,1,1,1,1,1,1
58.94625804988662,59.19006757369615,58,72,1,1,1,1,1,1,1,1,1,1,1,1,1,1,1,1,1,1,1,1,1
58.93464807256236,59.178457596371885,63,68,1,1,1,1,1,1,1,1,1,1,1,1,1,1,1,1,1,1,1,1,1
58.51668888888889,58.78371836734694,58,80,2,2,2,2,2,2,2,1,1,1,2,2,2,2,2,2,2,2,2,2,2,2,-1
58.28448934240363,58.94625804988662,79,70,1,2,2,1,1,1,1,2,2,2,2,2,2,2,2,2,2,2,2,1,2,2,2,2,2,1,1,1,1,1,1,1,1,1,1,1,1,1,1,1,1,1,1,1,1,1,1,1,1,1,1,1,1,1,1,1,1
57.808480272108845,58.27287936507937,80,80,1,1,1,1,1,1,1,1,1,1,1,1,1,1,1,1,1,1,2,2,2,1,1,1,1,1,1,1,1,2,2,2,2,1,1,1,2,2,2,2
57.57499682539682,57.79687029478458,77,89,1,1,1,1,1,1,1,2,2,2,2,2,2,2,2,2,2,2,2,2
57.145427664399094,57.56338684807256,79,83,1,2,2,2,2,2,2,1,1,1,1,1,1,1,2,2,1,1,1,1,1,1,1,1,1,1,2,2,2,1,1,1,1,1,1,2
57.1105977324263,57.40084716553288,64,56,1,1,1,1,1,1,2,2,2,2,1,1,1,1,1,1,1,2,2,2,1,1,1,1,1
57.1105977324263,57.62272063492064,38,60,1,1,1,1,1,1,1,1,1,1,1,1,1,1,1,1,1,1,1,1,1,1,1,1,1,1,1,1,1,1,1,1,1,1,1,1,1,1,1,1,1,1,1,1,1
57.09898775510204,57.43567709750567,60,59,1,1,1,1,1,1,1,1,1,1,1,1,1,1,1,1,1,1,1,1,1,1,1,1,1,1,1,1,1
57.09898775510204,57.34279727891156,54,42,2,2,2,1,2,2,2,2,2,2,2,2,1,1,1,1,1,2,2,2,2
56.820348299319726,57.06415782312925,77,75,1,1,1,1,1,1,1,1,1,1,1,1,1,1,1,1,1,1,1,1,1
56.58814875283446,56.73907845804989,81,71,2,2,2,2,2,2,2,2,2,2,2,2,-4
56.50687891156463,56.820348299319726,79,45,-4,1,1,1,1,1,-4,-4,2,2,2,8,8,8,8,8,2,2,2,2,2,2,2,2,1,1,1
56.50687891156463,56.64619863945578,55,58,2,2,2,2,2,2,2,2,2,2,1,1
56.228239455782315,56.541708843537414,77,91,2,2,2,2,2,2,2,2,2,2,2,2,2,2,2,2,2,2,2,2,2,2,2,2,2,2,2
55.8567201814059,56.12374965986395,55,58,2,2,2,2,1,1,1,1,1,1,1,1,1,1,1,1,1,1,1,1,1,1,1
55.74062040816327,56.36755918367347,45,65,1,1,1,1,1,1,1,1,1,1,1,1,1,1,1,1,1,1,1,1,1,1,1,1,1,1,1,1,1,1,1,1,1,1,1,1,1,1,1,1,1,1,1,1,1,1,1,1,1,1,1,1,1,1
55.565186848072564,55.717400453514735,67,67,1,1,1,1,1,1,1,1,1,1,1,1,1,1
55.565186848072564,56.19340952380952,60,82,1,1,1,1,1,1,1,1,1,1,1,1,1,1,1,1,1,1,1,1,1,1,1,1,1,1,1,1,1,1,1,1,1,1,1,1,1,1,1,1,1,1,1,1,1,1,1,1,1,1,1,1,1,1,1
55.565186848072564,56.158579591836734,57,69,1,1,1,1,1,1,1,1,1,1,1,1,1,1,1,1,1,1,1,1,1,1,1,1,1,1,1,1,1,1,1,1,1,1,1,1,1,1,1,1,1,1,1,1,1,1,1,1,1,1,1,1
55.5535768707483,56.158579591836734,64,64,1,1,1,1,1,1,1,1,1,1,1,1,1,1,1,1,1,1,1,1,1,1,1,1,1,1,1,1,1,1,1,1,1,1,1,1,1,1,1,1,1,1,1,1,1,1,1,1,1,1,1,1,1
55.12400770975057,55.53035691609978,55,66,1,1,1,1,1,1,1,1,1,1,1,1,1,1,1,1,1,1,1,1,1,1,1,1,1,1,1,1,1,1,1,1,1,1,1
55.077567800453515,55.49552698412699,65,60,1,1,1,1,1,1,1,1,1,1,1,1,1,1,1,1,1,1,1,1,1,1,1,1,1,1,2,2,1,1,1,1,1,1,1,1
55.077567800453515,55.26332743764173,58,56,1,1,1,1,1,1,1,1,1,1,1,1,1,1,1,1
55.077567800453515,55.26332743764173,52,67,2,2,2,2,2,2,2,2,1,1,1,1,1,1,1,1
54.369359183673474,55.0195179138322,43,87,1,1,1,1,1,1,1,1,1,1,1,1,1,1,1,1,1,1,1,1,1,1,1,1,1,1,1,1,1,1,1,1,1,1,1,1,1,1,1,1,1,1,1,1,1,1,1,1,1,1,1,1,1,1,1,1
54.35774920634921,54.65960861678005,53,56,1,1,1,1,1,1,1,2,1,1,1,1,2,2,2,2,2,2,2,2,2,1,1,1,1,1
54.18359954648526,54.77570839002268,81,65,2,2,1,1,1,1,1,1,1,1,1,1,1,1,1,1,1,1,1,1,2,2,2,2,1,1,1,1,1,2,2,2,2,2,2,2,2,2,2,2,2,2,2,2,2,1,1,1,1,1,1
54.18359954648526,55.44908707482993,69,58,1,1,1,1,1,1,1,1,1,1,1,1,1,1,1,1,1,1,1,1,1,1,1,1,1,1,1,1,1,1,1,1,2,2,1,1,2,1,2,2,2,2,2,2,1,1,1,1,1,1,1,1,1,1,1,1,1,1,1,1,1,2,2,2,2,1,1,1,1,2,2,2,2,1,1,1,1,1,1,1,1,1,1,1,1,1,1,1,1,1,1,1,1,1,1,1,1,1,1,1,1,1,1,1,1,1,1,1,1
53.69598049886621,54.18359954648526,81,71,1,1,1,1,1,1,1,1,1,1,1,1,1,1,1,1,1,1,1,1,1,1,1,1,1,1,1,1,1,1,1,1,1,1,1,1,1,1,1,1,1,1
53.69598049886621,54.07910975056689,57,58,1,1,1,1,1,1,1,1,1,1,1,1,1,1,1,1,1,1,1,1,1,1,1,1,1,1,1,1,1,1,1,1,1
53.661150566893426,54.18359954648526,69,71,1,1,1,1,1,1,1,1,1,1,1,1,1,1,1,1,1,1,1,1,1,1,1,1,1,1,1,1,1,1,1,1,1,1,1,1,1,1,1,1,1,1,1,1,1
53.661150566893426,53.823690249433106,60,52,1,1,1,1,1,1,1,1,1,1,1,1,1,1
53.47410702947846,53.69598049886621,81,71,1,1,1,1,1,1,1,1,2,2,2,1,1,1,1,1,1,1,1,1
53.47410702947846,53.661150566893426,69,74,1,1,1,1,1,1,2,2,2,2,2,1,1,1,1,1,1
53.47410702947846,53.69598049886621,57,54,1,1,1,1,1,1,1,1,1,1,1,1,1,1,1,1,1,1,1,1
53.218687528344674,53.661150566893426,60,58,1,1,1,1,1,1,1,1,1,1,1,1,1,1,1,1,1,1,1,1,1,2,1,1,1,1,1,1,2,2,2,2,1,1,1,1,1,1,1
53.00970793650794,53.439277097505666,72,70,1,1,1,1,1,1,2,2,1,1,1,1,1,1,2,2,2,2,2,1,1,1,1,1,1,1,1,1,1,1,1,1,1,1,1,1,1
53.00970793650794,53.218687528344674,60,75,1,1,1,1,1,1,1,1,1,1,1,1,1,1,1,2,2,2
52.998097959183674,53.91657006802721,41,66,1,1,1,1,1,1,1,1,1,1,1,1,1,1,1,1,1,2,2,1,1,1,1,1,1,1,1,1,1,1,1,1,1,1,1,1,1,1,1,1,1,1,1,1,1,1,1,1,1,1,1,1,1,1,1,1,1,1,1,1,1,1,1,1,1,1,1,1,1,1,1,1,1,1,1,1,1,1,1,1
52.75428843537415,52.951658049886625,69,58,1,1,1,1,1,1,1,1,1,1,1,1,1,1,1,1,1
52.75428843537415,53.00970793650794,60,60,2,1,1,1,2,2,2,2,2,2,2,2,1,1,2,2,1,1,1,1,1,1
52.75428843537415,53.47410702947846,57,64,1,1,1,1,1,1,1,1,1,1,1,1,1,1,1,1,1,1,1,1,1,1,1,1,1,1,1,1,1,1,1,1,1,1,1,1,1,1,1,1,1,1,1,1,1,1,1,1,1,1,1,1,1,1,1,1,1,1,1,1,1,1
52.74267845804989,53.62503673469388,64,53,1,1,1,1,1,1,1,1,1,1,1,1,1,1,1,1,1,1,1,1,1,1,1,1,1,1,1,1,1,1,1,2,1,1,1,1,1,1,1,1,1,1,1,1,1,1,1,1,1,1,1,1,1,1,1,1,1,1,1,1,1,1,1,1,1,1,1,1,1,1,1,1,1,1,1,1
52.731068480725625,52.88199818594104,81,72,1,1,2,2,2,2,2,2,2,2,2,1,1
52.278279365079364,52.673018594104306,72,73,1,1,1,1,1,1,2,2,1,1,1,1,1,1,1,1,1,1,1,1,1,1,1,1,1,1,1,1,1,1,1,1,1,1
52.278279365079364,52.452429024943314,62,66,1,1,1,1,1,1,1,1,1,1,1,1,1,1,1
52.278279365079364,52.64979863945578,58,62,1,1,1,1,1,1,1,1,1,1,1,1,1,1,1,1,1,1,1,1,1,1,1,1,1,1,1,1,1,1,1,1
52.278279365079364,52.54530884353741,52,67,1,1,1,1,1,1,1,1,1,1,1,1,1,1,1,1,1,1,1,2,2,2,1
51.61522675736961,52.278279365079364,72,68,1,1,1,1,1,1,1,1,1,1,1,1,1,1,1,1,1,1,1,1,1,1,1,1,1,1,1,1,1,1,1,1,1,1,1,1,1,1,1,1,1,1,1,1,1,1,1,1,1,1,1,2,2,2,2,2,1,1
51.61522675736961,51.848710204081634,52,57,1,1,1,1,1,1,1,1,1,1,1,1,1,1,1,1,1,1,1,1,1
51.59200680272109,52.231839455782314,36,74,2,2,2,2,2,2,2,2,2,2,2,2,2,2,2,2,2,2,2,2,2,2,2,2,2,2,2,2,2,2,2,2,2,2,2,2,2,2,2,2,2,2,2,2,2,2,2,2,2,2,2,2,2,2,2,2
51.55717687074829,51.77905034013605,40,48,1,1,1,1,1,1,1,1,1,1,1,1,1,1,1,1,1,1,1,1
51.313367346938776,51.510736961451244,68,60,1,1,1,1,1,1,1,1,1,1,1,1,1,1,1,1,1
51.301757369614506,51.55717687074829,64,81,1,1,1,1,1,1,1,1,1,1,1,1,1,1,1,1,1,1,1,1,1,1
51.301757369614506,52.278279365079364,58,72,1,1,1,1,1,1,1,1,1,1,2,1,1,1,1,1,1,1,1,1,1,1,1,1,1,1,1,1,1,1,1,1,1,1,1,1,1,1,1,1,1,1,1,1,1,1,1,1,1,1,1,1,1,1,1,1,1,1,1,1,1,1,1,1,1,1,1,1,1,1,1,1,1,1,1,1,1,1,1,1,1,1,1,1,1
50.88379818594104,51.04633786848072,62,71,1,1,1,1,1,1,1,1,1,1,1,1,1,1
50.87218820861678,51.06955782312925,58,67,1,1,1,1,1,1,1,1,1,1,1,1,1,1,1,1,1
50.87218820861678,51.01150793650793,52,45,1,1,2,2,2,2,2,1,1,1,1,1
50.65159863945578,50.79091836734693,84,60,2,2,2,2,2,1,1,1,1,2,2,2
50.65159863945578,51.290147392290244,72,90,1,1,1,1,1,1,1,1,1,1,1,1,1,1,2,1,1,1,1,1,2,1,1,1,1,1,1,1,1,1,2,2,2,2,2,2,1,1,1,1,1,2,2,2,1,1,1,1,1,1,1,1,1,1,1
50.152369614512466,50.5819387755102,78,81,1,1,1,1,1,1,1,1,1,1,1,1,1,1,1,1,1,1,1,1,1,1,1,1,2,2,2,1,1,1,1,1,1,1,1,1,1
49.90856009070294,50.094319727891154,77,81,1,1,1,1,1,1,1,1,1,1,1,1,1,2,2,2
49.68797052154195,49.93178004535147,74,73,1,1,1,1,1,1,1,1,1,1,1,1,1,1,1,1,1,1,1,1,1
49.48931700680272,50.01304988662131,70,80,1,1,1,1,1,1,1,1,1,1,1,1,1,1,1,1,1,1,1,1,1,1,1,1,1,1,1,1,1,1,1,1,1,1,1,1,1,1,1,1,1,1,1,1,1,1
49.48931700680272,49.67636054421769,58,61,1,1,1,1,1,1,1,1,1,1,1,1,1,1,1,1,1
49.25711746031746,49.47770702947846,69,86,1,1,1,1,1,2,2,2,2,2,2,2,2,2,2,2,2,2,2
49.04813786848073,49.349997278911566,74,87,1,1,2,2,2,2,1,1,1,1,1,1,1,2,2,2,2,2,2,1,1,1,1,2,2,2
49.03652789115646,49.43126712018141,43,74,1,1,1,1,1,1,1,1,1,1,1,1,1,1,1,1,1,1,1,1,1,1,1,1,1,1,1,1,1,1,1,1,1,1
48.81593832199547,49.071357823129254,77,75,1,1,1,1,1,1,1,1,1,1,1,1,1,1,1,1,1,1,1,1,1,1
48.81593832199547,49.0249179138322,58,70,1,1,1,1,1,1,1,1,1,1,1,1,1,1,1,1,1,1
48.804328344671205,49.03652789115646,43,94,1,1,1,1,1,1,1,1,1,1,1,1,1,1,1,1,1,1,1,1
48.56051882086168,48.76949841269841,79,61,1,1,1,1,1,1,1,1,1,1,1,2,2,2,2,2,2,2
48.32831927437642,48.630178684807255,82,71,2,1,1,1,1,1,1,1,1,1,1,1,1,1,1,1,1,1,1,1,1,1,1,1,1,1
48.14255963718821,48.31670929705216,62,76,1,1,1,1,1,1,1,1,2,2,2,1,1,1,1
48.130949659863944,48.33992925170068,58,80,1,1,1,1,1,1,1,1,1,1,1,1,1,1,1,1,1,1
48.10772970521542,48.2702693877551,53,48,1,1,1,1,1,1,1,1,1,1,1,1,1,1
47.89875011337869,48.351539229024944,86,50,-1,2,2,2,2,2,2,2,2,2,2,2,2,2,2,1,1,1,1,1,1,1,1,1,1,1,1,2,2,2,2,2,1,1,1,2,1,2,2
47.89875011337869,48.130949659863944,74,75,1,1,1,1,1,1,1,1,1,1,2,2,2,2,2,1,1,1,1,1
47.51433696145124,48.14255963718821,43,74,1,1,1,1,1,1,1,1,1,1,1,1,1,1,1,1,1,1,1,1,1,1,1,1,1,1,1,1,1,1,1,1,1,1,1,1,1,1,1,1,1,1,1,1,1,1,1,1,1,1,1,1,1,1,1
47.433067120181406,47.80587029478458,55,43,1,1,1,1,1,1,1,1,1,1,1,1,1,1,1,1,1,1,1,1,1,1,1,1,1,1,1,1,1,1,1,1,1
47.212477551020406,47.89875011337869,74,92,1,1,1,1,1,1,2,2,2,2,1,1,1,1,1,2,2,2,2,2,2,2,2,1,2,2,2,2,2,2,2,2,2,2,2,2,2,2,2,2,2,1,1,1,1,1,1,2,2,2,2,2,1,1,1,1,1,1,1,1
46.74807845804988,47.166037641723356,75,87,1,1,1,1,1,1,1,1,1,1,1,1,1,1,1,1,1,2,2,2,2,1,1,1,1,1,1,1,1,1,1,1,1,1,1,1
46.492658956916095,46.79451836734694,72,79,1,1,1,1,1,1,1,1,1,1,1,1,1,1,1,1,1,1,1,1,1,1,1,1,1,1
46.063089795918366,46.550708843537414,74,100,1,2,2,2,2,1,1,1,1,1,2,2,2,2,2,1,1,1,1,1,1,1,1,1,1,1,1,1,1,1,1,1,2,2,2,2,2,1,1,1,2,2
45.69157052154195,46.016649886621316,72,72,2,2,2,1,1,1,1,2,2,2,2,2,2,2,1,1,1,1,1,2,2,2,2,2,2,2,1,1
45.574186848072564,45.77284036281179,74,90,1,1,2,2,2,2,2,2,2,2,1,2,2,2,2,2,2,2
45.38842721088436,45.574186848072564,74,60,1,1,1,1,1,1,1,1,1,7,7,7,7,7,7,1
45.144617687074835,45.43486712018141,72,96,2,2,2,2,1,2,2,2,2,2,1,1,1,1,1,1,1,1,1,1,1,1,1,1,1
44.69182857142857,44.865978231292516,67,46,1,1,1,1,1,1,1,1,1,1,1,1,1,1,1
44.69182857142857,44.84275827664399,60,64,1,1,1,1,1,1,1,1,1,1,1,1,1
44.68021859410431,45.144617687074835,72,65,1,1,1,1,1,1,1,1,1,1,1,1,1,1,1,1,1,1,1,1,1,1,1,1,1,1,2,2,2,2,2,2,2,2,2,2,2,2,2,2
44.68021859410431,44.99368798185941,64,58,1,1,1,1,1,1,1,1,1,1,1,1,1,1,1,1,1,1,1,1,1,1,1,1,1,2,2
44.68021859410431,44.865978231292516,58,50,1,1,1,1,1,1,1,1,1,1,1,1,1,1,1,1
44.68021859410431,44.83114829931973,55,36,1,2,1,1,1,1,1,1,1,1,1,1,1
44.68021859410431,44.94724807256236,52,49,1,1,1,1,1,1,1,1,1,1,1,1,1,1,1,1,2,2,2,2,2,2,2
44.66860861678005,45.1562276643991,36,64,1,1,1,1,1,1,1,1,1,1,1,1,1,1,1,1,1,1,1,1,1,1,1,1,1,1,1,1,1,1,1,1,1,1,1,1,1,1,1,1,1,1
44.204209523809524,44.78470839002268,75,76,1,1,1,1,1,1,1,2,1,1,1,1,1,1,1,1,1,1,1,1,1,1,1,1,1,1,1,1,1,1,1,1,1,1,1,1,1,1,1,1,1,1,1,1,1,1,1,1,1,1
44.204209523809524,44.56411882086168,43,75,1,1,1,1,1,1,1,1,1,1,1,1,1,1,1,1,1,1,1,1,1,1,1,1,1,1,1,1,1,1,1
44.01844988662132,44.50606893424037,72,53,1,1,1,1,1,1,1,1,1,2,2,2,2,2,2,2,1,1,1,1,1,2,1,1,1,1,1,1,1,1,1,1,1,1,2,1,1,1,1,1,1,1
44.00683990929706,44.204209523809524,43,73,1,1,1,1,1,1,1,1,1,1,1,1,1,1,1,1,1
43.774640362811795,44.204209523809524,75,80,1,1,1,1,1,1,1,1,2,2,2,2,1,1,1,1,1,1,1,1,1,1,1,1,1,1,1,1,1,1,1,2,2,2,2,1,1
43.5643768707483,43.73981043083901,72,66,1,1,1,1,1,1,1,1,1,1,1,1,1,1,1,1
43.44827709750567,43.774640362811795,75,57,1,1,1,1,1,1,1,1,1,1,1,1,1,1,1,1,1,1,1,1,1,1,1,1,1,1,1,1,1
43.099977777777774,43.32056734693877,74,83,1,1,1,1,1,1,1,2,2,2,1,1,1,1,1,1,1,2,2
42.890998185941044,43.099977777777774,72,69,1,1,1,2,2,2,1,1,1,1,1,1,1,1,1,1,1,1
42.63557868480726,43.11158775510204,76,76,1,1,1,1,1,1,1,1,1,1,1,1,1,1,1,1,1,1,1,1,1,1,1,1,1,1,1,1,1,1,1,1,1,1,1,1,1,1,1,1,-5
42.63557868480726,43.01870793650794,64,56,1,1,1,1,1,1,1,1,1,1,1,1,1,1,1,1,1,1,1,1,1,1,1,1,1,1,1,1,1,1,1,1,1
42.57752879818594,42.76328843537415,55,53,1,1,2,2,2,2,2,2,2,2,1,2,1,1,1,1
42.43820907029478,42.5891387755102,74,66,2,2,2,2,2,1,1,1,1,1,1,1,1
42.240839455782314,42.38015918367347,72,58,1,1,1,1,1,1,1,2,2,2,2,2
42.03185986394558,42.31049931972789,76,61,1,1,1,1,1,1,1,1,1,1,1,1,1,2,2,2,2,2,2,1,1,1,1,1
41.84610022675737,42.682018594104306,45,63,1,1,1,1,1,1,1,1,1,1,1,1,1,1,1,1,1,1,1,1,1,1,1,1,1,1,1,1,1,1,1,1,1,1,1,1,1,1,1,1,1,1,1,1,1,1,1,1,1,1,1,1,1,1,1,1,1,1,1,1,1,1,1,1,1,1,1,1,1,1,1,1
41.82288027210884,42.63557868480726,64,48,1,1,1,1,1,1,1,1,1,1,1,1,1,1,1,1,1,1,1,1,2,2,2,2,1,1,1,1,1,1,1,1,2,2,2,1,1,1,1,1,1,1,1,1,2,2,2,2,2,1,1,1,2,2,2,2,2,2,1,1,1,1,1,1,1,1,1,1,1,1
41.693886621315194,41.89254013605442,74,86,1,1,1,1,1,1,1,1,1,1,1,1,1,1,1,1,1,1
41.50812698412699,41.693886621315194,72,57,1,1,1,1,1,1,1,1,1,1,1,1,1,1,1,1
41.24109750566894,41.51973696145125,62,76,1,1,1,1,1,1,1,1,1,1,1,1,1,1,1,1,1,1,1,1,1,1,1,1
40.625768707483,41.14821768707483,44,80,1,1,1,2,1,1,1,1,1,1,1,1,1,1,1,1,1,1,1,1,1,1,1,1,1,1,1,1,1,1,1,1,1,1,1,1,1,1,1,1,1,1,1,1,1
40.544498866213154,41.46168707482993,65,63,2,1,1,1,1,2,2,2,2,2,2,2,2,1,1,1,1,1,1,1,1,1,1,1,1,1,1,1,1,1,1,1,1,1,1,1,1,1,1,1,1,1,1,1,1,1,1,1,1,1,1,1,1,1,1,1,1,1,1,1,1,1,1,1,1,1,1,1,1,1,1,1,1,1,1,1,1,1,1
40.544498866213154,40.927628117913834,56,46,-1,-1,1,1,1,1,1,1,1,1,1,1,1,1,1,1,1,1,1,1,1,1,1,1,1,1,1,1,1,1,1,1,1
40.544498866213154,40.823138321995465,53,50,2,2,1,1,1,1,2,2,2,2,1,1,1,1,1,1,1,1,1,1,1,1,1,1
40.347129251700686,40.70703854875284,74,55,1,1,1,1,1,1,1,1,1,1,1,1,1,1,1,1,1,1,1,1,1,1,1,1,1,1,1,1,1,1,1
40.347129251700686,40.939238095238096,68,58,1,1,1,1,2,1,1,1,1,1,1,1,1,1,1,1,2,1,1,1,1,1,1,1,2,1,1,1,1,1,1,1,1,1,1,1,1,1,1,1,1,1,1,1,1,1,1,1,1,1,1
40.347129251700686,40.544498866213154,65,86,1,1,1,1,2,2,1,1,1,1,1,1,1,1,1,1,2
40.347129251700686,41.24109750566894,62,62,-1,-1,-1,2,2,1,1,1,1,1,1,1,1,1,1,1,2,2,2,1,1,1,1,1,1,1,1,1,1,1,1,1,1,1,1,1,1,1,1,1,1,1,1,1,1,1,1,1,1,1,1,1,1,1,1,1,1,1,1,1,1,1,1,1,1,1,1,1,1,1,1,1,1,1,1,1,1
39.88273015873016,40.0917097505669,74,40,1,1,1,1,1,1,1,1,1,1,1,1,1,1,1,1,1,1
39.88273015873016,40.28907936507937,62,70,1,1,1,1,1,1,1,1,1,1,1,1,1,1,1,1,1,1,1,1,1,1,1,1,1,1,1,1,1,1,1,1,1,1,1
39.8711201814059,40.347129251700686,68,74,1,1,1,1,1,1,1,1,1,1,1,1,1,1,1,1,1,1,1,1,1,1,1,1,1,1,1,1,1,1,1,1,1,1,1,2,2,2,2,1,1
39.8711201814059,40.347129251700686,65,91,1,1,1,1,1,1,1,1,1,1,1,1,1,1,1,1,1,1,1,1,1,1,1,1,1,1,1,1,1,1,1,1,1,1,1,2,2,1,1,1,1
39.8711201814059,40.02204988662132,59,55,1,1,1,1,1,1,1,1,1,1,1,1,1
39.8711201814059,40.126539682539686,56,41,1,1,1,1,1,1,1,1,1,1,1,1,1,1,1,1,1,1,1,1,1,1
39.64924671201814,39.8711201814059,65,69,1,1,1,1,1,1,1,1,1,1,1,1,1,1,2,2,2,2,2,1
39.63763673469388,39.81307029478458,74,55,1,1,1,1,1,1,1,1,1,1,1,1,1,1,1,1
39.63763673469388,39.80146031746032,71,67,1,1,1,1,1,1,1,1,1,1,1,1,1,1,1
39.63763673469388,39.8711201814059,68,77,1,1,1,1,1,1,1,1,1,1,1,1,1,1,1,1,1,1,1,1,1
39.63763673469388,39.88273015873016,62,76,1,1,1,1,1,1,1,1,1,1,1,1,1,1,1,1,1,1,1,1,1,1
39.21967755102041,39.61441678004535,44,71,1,1,1,1,1,1,1,1,1,1,1,1,1,1,1,1,1,1,1,1,1,1,1,1,1,1,1,1,1,1,1,1,1,1
39.184847619047616,39.64924671201814,65,90,1,1,1,1,1,1,1,1,1,1,1,1,1,1,1,1,1,1,1,1,1,1,1,1,1,1,1,1,1,1,1,1,1,1,1,1,1,1,1,1
39.173237641723354,39.63763673469388,74,72,1,1,1,1,1,1,1,1,1,1,1,1,1,1,1,1,1,1,1,1,1,1,1,1,1,1,1,1,1,1,1,1,1,1,1,1,1,1,1,1
39.173237641723354,39.4402671201814,71,60,-2,1,1,1,1,1,1,1,1,1,1,1,1,1,1,1,1,1,1,1,1,1,1
39.11518775510204,39.38221723356009,62,51,1,1,1,1,1,1,1,1,1,1,1,1,1,1,1,1,1,1,1,1,1,1,1
38.964258049886624,39.173237641723354,74,51,1,1,1,1,1,1,1,1,1,1,1,1,1,1,1,1,1,1
38.964258049886624,39.11518775510204,62,70,2,1,1,1,1,1,1,1,1,1,1,1,1
38.95264807256236,39.184847619047616,65,86,2,2,2,1,1,1,1,1,1,1,1,1,1,1,1,1,1,1,1,1
38.9410380952381,39.173237641723354,70,78,1,1,1,1,1,1,1,1,1,1,1,1,1,1,1,1,1,1,1,1
38.46502902494331,38.73205850340136,58,82,1,1,1,1,1,1,1,1,1,1,1,1,1,1,1,1,1,1,1,1,1,1,1
38.45341904761905,38.964258049886624,62,72,1,1,1,1,1,1,1,1,1,1,1,1,1,1,1,1,1,1,1,1,1,1,1,1,1,1,1,1,1,1,1,1,1,1,1,1,1,1,1,1,1,2,2,2
38.24443945578231,38.476639002267575,74,58,1,1,1,1,1,1,1,1,1,1,1,1,1,1,1,1,1,1,1,1
38.24443945578231,38.9410380952381,70,58,1,1,1,1,1,1,1,1,1,1,1,1,1,1,1,1,1,1,1,1,1,1,1,1,1,1,1,1,1,1,1,1,1,1,1,1,1,1,1,1,1,1,1,1,1,1,1,1,1,1,1,1,1,1,1,1,1,1,1,1
38.24443945578231,38.60434875283447,67,62,1,1,1,1,1,1,1,1,2,2,2,2,1,1,1,1,1,1,1,1,1,1,1,1,1,1,1,1,1,1,1
38.24443945578231,38.65078866213152,65,45,1,1,1,1,1,1,1,1,1,1,1,1,1,1,1,1,1,1,1,2,2,2,2,2,1,1,2,2,2,2,2,2,2,1,1
38.24443945578231,38.45341904761905,62,51,1,1,1,1,1,1,1,1,1,1,1,1,1,1,1,1,1,1
38.24443945578231,38.89459818594104,55,45,1,1,1,1,1,1,1,1,1,1,1,1,1,1,1,1,1,1,1,2,1,1,1,1,1,1,1,2,2,2,2,2,2,2,2,1,1,1,1,1,1,1,1,1,1,1,1,1,1,1,2,2,2,2,2,2
37.74392653061224,38.05867981859411,58,60,1,1,1,1,1,1,1,1,1,1,1,1,1,1,1,1,1,1,1,1,1,1,1,1,1,1,1,1
37.74392653061224,38.186389569161,55,47,1,1,1,1,1,1,1,1,1,1,1,1,1,1,1,1,1,1,1,1,1,1,1,1,1,1,1,1,1,1,1,1,1,1,1,1,1,1,1
37.74392653061224,37.95419002267574,53,45,1,1,1,1,1,1,1,1,1,1,1,1,1,1,1,1,1,1,1
37.73231655328798,38.39536916099773,43,78,1,1,1,1,1,1,1,1,1,1,1,1,1,1,1,1,1,1,1,1,1,1,1,1,1,1,1,1,1,1,1,1,1,1,1,1,1,1,1,1,1,1,1,1,1,1,1,1,1,1,1,1,1,1,1,1,1,1
37.55816689342404,38.24443945578231,70,49,1,1,1,1,1,1,1,1,1,1,1,1,1,1,1,1,1,1,1,1,1,1,1,1,1,1,1,1,1,1,1,1,1,1,1,1,1,1,1,1,1,1,1,1,1,1,1,1,1,1,1,1,1,1,1,1,1,1,1,1
37.55816689342404,38.24443945578231,67,50,1,1,1,1,1,1,1,1,1,1,1,1,1,1,1,1,1,1,1,1,1,1,1,1,1,1,1,1,1,1,1,1,1,1,1,1,1,1,1,1,1,1,1,1,1,1,1,1,1,1,1,1,1,1,1,1,1,1,1,1
37.55816689342404,37.79165034013605,65,43,1,1,1,1,1,1,1,1,1,1,1,1,1,1,1,1,1,1,1,1,1
37.54655691609977,38.04706984126984,74,42,1,1,1,1,1,1,1,1,1,1,1,1,1,1,1,1,1,1,1,1,1,1,1,1,1,1,1,1,1,1,1,1,1,1,1,1,1,1,1,1,1,1,1,1
37.54655691609977,38.24443945578231,62,66,1,1,1,1,1,1,1,1,1,1,1,1,1,1,1,1,1,1,1,1,1,1,1,1,1,1,1,1,1,1,1,1,1,1,1,1,1,1,1,1,1,1,1,1,1,1,1,1,1,1,1,1,1,1,1,1,1,1,1,1,1
37.09376780045351,37.30274739229025,62,65,1,1,2,2,1,1,1,1,1,1,1,1,1,2,2,2,2,2
37.058937868480726,37.29113741496598,65,46,1,1,1,1,1,2,1,1,1,1,1,1,1,1,1,1,2,2,2,2
37.04732789115646,37.209867573696144,67,46,1,1,1,1,1,1,1,1,1,1,1,1,1,1
37.04732789115646,37.25630748299319,58,50,1,1,1,1,1,1,1,1,1,1,1,1,1,1,1,1,1,1
36.8151283446712,37.04732789115646,74,51,2,2,2,2,1,1,1,2,2,2,2,1,1,1,2,2,2,2,2,2
36.8151283446712,36.95444807256236,67,46,1,1,2,2,2,2,1,2,2,2,1,1
36.8151283446712,36.95444807256236,65,47,-1,2,2,2,2,2,1,1,1,1,1,1
36.8151283446712,37.09376780045351,62,48,2,2,2,2,2,2,2,2,1,2,1,1,1,1,2,2,2,2,2,2,1,1,1,1
36.80351836734694,37.25630748299319,70,70,1,1,1,1,1,1,1,1,1,1,1,1,1,1,1,1,1,1,1,2,2,1,1,1,1,1,1,2,2,2,1,1,1,1,1,1,1,1,1
36.43199909297052,36.74546848072562,65,54,-2,1,1,1,1,-2,-2,-2,-2,1,2,1,2,1,1,1,1,1,-2,-2,-2,-2,-2,-2,2,2,2
36.42038911564626,36.8151283446712,74,43,1,1,1,1,1,1,1,1,1,1,1,1,1,1,1,1,1,1,1,1,1,1,1,1,1,1,1,2,2,2,2,2,2,2
36.42038911564626,36.989278004535144,43,58,1,1,1,1,1,1,1,1,1,1,1,2,2,1,1,1,1,1,1,1,1,1,1,1,1,1,1,1,1,1,1,1,1,1,1,1,1,1,1,1,1,1,1,1,1,1,1,1,1
36.3739492063492,36.5945387755102,58,37,1,1,1,1,1,1,1,1,1,1,1,1,1,1,1,1,1,1,1
36.35072925170068,36.73385850340136,55,42,2,1,1,1,1,1,1,1,1,1,1,1,1,1,2,2,2,2,2,2,2,2,1,1,1,1,1,2,2,2,1,1,2
36.02564988662131,36.292679365079366,68,59,1,1,1,1,1,1,1,1,1,1,1,1,1,2,1,1,1,1,1,1,1,1,1
36.01403990929705,36.1533596371882,71,43,1,1,1,1,1,1,1,1,1,1,1,1
36.01403990929705,36.30428934240363,65,58,-1,-1,-1,-2,-2,-2,-2,-2,-2,-2,-2,-2,-2,-2,-2,-2,-2,-2,-2,-2,-2,-2,-2,-2,-2
35.67606666666667,35.86311020408163,75,53,1,1,1,1,1,1,1,1,1,1,1,1,1,1,1,1,1
35.67606666666667,35.9676,65,68,1,1,1,1,1,1,1,1,1,1,1,1,1,1,1,1,1,1,1,1,1,1,1,1,1,-5
35.67606666666667,36.002429931972785,63,71,1,1,1,1,1,1,1,1,1,1,1,1,1,1,1,1,1,1,1,1,1,1,1,1,1,1,1,1,1
35.67606666666667,35.82828027210884,56,44,1,1,1,1,1,1,1,1,1,1,1,1,1,1
35.362597278911565,35.65284671201814,74,70,1,1,1,1,1,1,1,1,1,1,1,1,1,1,1,1,1,1,1,1,1,1,1,1,1
35.362597278911565,35.67606666666667,65,68,1,1,1,1,1,1,1,1,1,1,1,1,1,1,1,1,1,1,1,1,1,1,1,1,1,1,1
35.3509873015873,35.64123673469388,62,52,1,1,1,1,1,1,1,1,1,1,1,1,1,1,1,1,1,1,1,1,1,1,1,1,1
35.00268798185941,35.15361768707483,71,48,1,1,1,1,1,1,1,2,2,1,1,1,1
34.99107800453515,35.23488752834467,73,41,1,1,1,1,1,1,1,1,1,1,1,1,1,1,1,1,1,1,1,1,2
34.99107800453515,35.362597278911565,65,67,1,1,1,1,1,1,1,2,2,1,1,1,1,1,1,1,1,2,2,2,2,2,1,1,1,1,2,2,2,2,2,1
34.99107800453515,35.33937732426304,61,82,2,2,1,1,1,2,2,2,1,1,1,1,1,1,1,1,1,1,1,2,2,2,2,2,1,1,2,2,2,2
34.979468027210885,35.18844761904762,68,49,1,1,1,1,1,1,2,2,2,2,2,2,2,2,2,1,1,1
34.31769931972789,34.99107800453515,65,53,1,1,1,1,1,1,1,1,1,1,1,1,1,1,1,-2,1,1,1,1,1,-2,-2,-2,-2,-2,1,1,-2,-2,1,1,-2,-2,1,-2,-2,-2,-2,-2,-2,-2,-2,1,1,-2,-2,-2,-2,-2,-2,1,1,1,-2,-1,0,1
34.30608934240363,34.56150884353742,56,76,1,1,1,1,2,2,2,2,1,1,1,1,1,1,1,1,1,1,1,1,1,1
34.29447936507937,34.45701904761905,62,52,1,1,1,1,1,1,1,1,1,1,1,1,1,1
33.77203038548753,33.91135011337869,56,56,1,1,1,1,1,1,1,1,2,2,2,2
33.724306575963716,34.24803945578231,44,87,1,1,1,1,1,1,1,1,1,1,1,1,1,1,1,1,1,1,1,1,1,1,1,1,1,1,1,1,1,1,1,1,1,1,1,1,1,1,1,1,1,1,1,1,1,1
33.64303673469388,34.31769931972789,65,63,1,1,1,1,1,1,1,1,1,1,1,1,1,1,1,1,1,1,-2,-2,-2,1,1,1,1,1,1,1,1,1,1,1,-2,-2,1,1,1,-2,-2,-2,-2,-2,-2,-2,-2,-2,-2,-2,-2,-2,-2,-2,-2,-2,-2,-2,-2,1,1
33.63142675736961,33.77203038548753,56,53,2,2,2,2,2,2,2,2,2,2,2,2,2
33.61981678004535,33.77203038548753,62,45,1,1,1,1,1,1,1,1,1,1,1,1,1,1
33.42244716553288,33.561766893424036,68,61,2,1,1,1,1,1,2,2,2,2,2,2
33.42244716553288,33.64303673469388,65,76,-1,-1,1,1,-1,-1,-1,-1,-1,-1,-1,-1,1,1,1,1,1,1,1
33.41083718820862,33.946180045351475,76,47,2,2,2,2,1,1,1,1,1,1,1,1,1,1,1,1,1,1,1,1,1,1,1,1,1,1,1,1,1,1,1,1,1,1,1,1,1,1,1,1,1,1,1,1,1,1,1
33.41083718820862,33.58498684807256,71,50,2,1,1,1,1,1,1,1,1,1,1,1,1,1,1
32.94643809523809,33.3527873015873,64,72,1,1,1,1,1,1,1,1,1,1,1,1,1,1,1,1,1,1,1,1,1,1,1,1,1,1,1,1,1,1,1,1,1,1,1
32.93482811791383,33.1321977324263,60,67,1,1,1,1,1,1,1,1,1,1,1,1,1,1,1,1,1
32.93482811791383,33.23668752834467,55,79,1,1,1,1,1,1,1,2,2,2,2,1,1,1,1,1,1,1,1,1,1,1,1,1,1,1
32.77228843537415,32.94643809523809,76,62,1,1,1,1,1,1,1,1,1,1,1,1,1,1,1
32.725848526077094,33.0393179138322,69,48,-5,-5,-5,-5,-5,-5,-5,-4,-4,-4,-4,-5,-5,-5,-5,-5,1,1,1,1,1,1,1,1,1,1,1
32.725848526077094,33.004487981859405,67,82,1,1,1,1,1,1,1,1,1,1,1,1,1,1,1,1,1,1,1,1,1,1,1,1
32.71423854875283,32.94643809523809,64,71,1,1,1,1,1,1,1,1,1,1,1,1,1,1,1,1,1,1,1,1
32.21500952380952,32.56330884353741,55,70,2,2,1,1,1,1,1,1,1,1,1,1,1,1,1,1,1,2,2,2,2,1,1,1,1,1,1,1,1,1
32.21500952380952,32.36593922902494,43,41,1,1,1,1,1,1,1,1,1,1,1,1,1
32.029249886621315,32.77228843537415,76,47,1,1,1,1,1,1,1,1,1,1,1,1,1,1,1,1,1,1,1,1,1,1,1,1,1,1,1,1,1,1,1,1,1,1,1,1,1,1,1,1,1,1,1,1,1,1,1,1,1,1,1,1,1,1,1,2,2,1,1,1,1,1,1,1
32.029249886621315,32.71423854875283,64,68,1,1,1,1,1,1,1,1,1,1,1,1,1,1,1,1,1,1,1,1,1,1,1,1,1,1,1,1,1,1,1,1,1,1,1,1,1,1,1,1,1,1,1,1,1,1,1,1,1,1,1,1,1,1,1,1,1,1,1
32.01763990929705,32.27305941043084,67,69,1,1,1,1,1,1,1,1,1,1,1,1,2,2,2,2,2,2,2,1,1,1
31.575176870748297,32.029249886621315,76,44,1,1,1,1,1,1,1,1,1,1,1,2,2,2,2,1,1,1,1,1,1,1,1,1,1,1,1,1,1,1,1,1,1,1,1,1,1,1,1,1
31.575176870748297,32.133739682539684,69,55,1,2,2,2,2,2,1,1,1,1,1,1,2,2,2,2,2,1,1,1,-4,-4,1,1,1,1,1,1,1,1,1,1,1,1,1,1,1,1,1,-5,-5,-5,1,1,1,1,-5,1,1
31.54034693877551,32.029249886621315,64,90,1,1,1,1,1,1,1,1,1,1,1,1,1,1,1,1,1,1,1,1,1,1,1,1,1,1,1,1,1,1,1,1,1,1,1,1,1,1,1,1,1,1,1
31.528736961451248,31.797050340136053,55,62,1,1,1,2,2,2,2,2,2,2,2,1,1,1,1,1,1,1,1,1,1,1,1,1
31.482297052154195,31.70288662131519,60,42,2,1,1,1,1,1,1,1,2,2,2,2,2,2,2,2,2,2,1
31.31975736961451,31.54034693877551,67,73,1,1,1,1,1,1,1,1,1,1,1,1,2,2,2,2,2,2,2
31.30814739229025,31.575176870748297,76,61,1,1,1,1,1,1,1,1,1,1,1,1,1,1,2,2,2,2,1,1,1,1,1
31.30814739229025,31.470687074829932,72,44,1,1,1,1,1,1,1,1,1,1,1,1,1,2
31.30814739229025,31.54034693877551,64,79,1,1,1,1,1,1,1,1,1,1,1,1,1,1,1,2,2,2,2,1
30.866968253968253,31.30814739229025,76,62,1,1,1,1,1,1,1,1,1,1,1,1,1,1,1,1,1,1,1,1,1,1,1,1,1,1,1,1,1,1,1,1,2,1,1,1,1,1
30.866968253968253,31.05272789115646,69,37,2,2,2,2,1,1,-5,-5,-5,-5,-4,-4,-4,-4,1,1
30.866968253968253,31.087557823129252,64,49,1,1,1,1,1,1,1,1,1,1,1,1,1,1,1,1,1,1,1
30.843748299319728,31.31975736961451,67,65,1,1,1,1,1,1,1,1,1,1,1,1,1,2,2,2,2,2,1,1,2,2,2,2,1,2,1,1,1,2,2,2,2,2,2,2,2,2,2,2,2
30.611548752834466,30.762478458049884,67,70,1,1,1,1,1,1,1,1,1,1,1,1,1
30.599938775510203,30.866968253968253,76,49,1,1,1,1,1,1,1,1,1,1,1,1,1,1,1,1,1,1,1,1,1,1,1
30.599938775510203,30.797308390022675,70,66,1,1,1,1,1,1,1,1,1,1,1,1,1,1,1,1,1
30.58832879818594,30.832138321995465,73,70,1,1,1,1,1,1,1,1,1,1,1,1,1,1,1,1,1,1,1,1,1
30.58832879818594,30.866968253968253,64,61,1,1,1,1,1,1,1,1,1,1,1,1,1,1,1,1,1,1,1,1,1,1,1,1
30.17036961451247,30.55349886621315,65,77,1,1,1,1,1,1,1,1,1,1,1,1,1,1,1,1,1,2,2,2,1,1,1,1,1,1,1,2,2,2,2,1,1
30.158759637188208,30.402569160997732,55,69,1,1,1,1,1,1,1,1,1,1,1,1,1,1,1,1,1,1,1,1,1
30.147149659863945,30.47222902494331,61,64,1,1,1,1,1,1,1,1,1,1,1,1,1,1,1,1,1,1,1,1,1,1,1,1,1,1,1,1
29.518926984126985,29.798850340136052,55,73,2,2,2,2,2,2,2,2,2,2,2,2,2,2,2,2,1,1,1,1,1,1,1,1,1
29.449267120181407,29.961390022675737,39,54,1,1,1,1,2,2,2,2,2,2,2,2,2,2,2,2,2,2,2,2,2,2,2,2,2,1,1,1,1,1,1,1,1,1,1,1,1,1,1,2,2,1,1,1,1
29.263507482993198,29.43765714285714,67,63,-5,1,1,1,1,1,1,1,1,1,1,1,-4,-4,-4
29.251897505668932,29.47248707482993,77,39,1,1,1,1,1,1,2,2,1,1,1,2,2,2,2,2,2,1,1
29.251897505668932,29.565366893424034,73,63,1,1,1,1,1,1,1,1,1,1,1,1,1,1,1,1,1,1,1,1,1,1,1,1,1,2,2
29.251897505668932,30.135539682539683,70,62,1,1,1,1,1,1,1,1,1,1,1,1,1,1,1,1,1,1,1,1,1,1,1,1,1,1,1,1,1,1,1,1,1,1,1,1,1,1,1,1,1,1,1,1,1,1,1,1,1,1,1,1,1,1,1,1,1,1,1,1,1,1,1,1,1,1,1,1,1,1,1,1,1,1,1,1,1
29.251897505668932,30.17036961451247,65,80,1,1,1,1,1,1,1,1,1,1,1,1,1,2,2,1,1,1,1,1,1,1,1,1,1,1,1,2,2,1,1,1,1,1,1,1,1,1,1,1,1,1,1,1,1,1,1,1,1,1,1,1,1,2,2,2,2,2,2,2,1,1,1,1,1,1,1,1,1,1,1,1,1,1,1,1,1,1,1,1
29.251897505668932,29.93817006802721,61,55,2,1,1,1,1,1,1,1,1,1,1,1,1,2,2,2,1,1,1,1,1,1,1,2,1,2,2,2,2,1,1,1,2,2,2,2,2,2,2,2,1,1,1,1,1,1,1,2,2,2,2,2,2,2,2,2,2,2,2,2
28.799108390022674,29.251897505668932,73,47,1,1,1,1,1,1,1,1,1,1,1,1,1,1,1,1,1,1,1,1,1,1,1,1,1,1,1,1,1,1,1,1,1,1,1,1,1,1,1
28.799108390022674,29.251897505668932,70,68,1,1,1,1,1,1,1,1,1,1,1,1,1,1,1,1,1,1,1,1,1,1,1,1,1,1,1,1,1,1,1,1,1,1,1,1,1,1,1
28.799108390022674,29.263507482993198,67,46,-5,1,1,1,1,1,1,1,1,-5,-5,-5,-5,-5,-5,-5,-5,-5,-5,-5,-5,-5,-4,1,1,1,1,1,1,1,1,1,1,1,1,1,1,-5,-4,-5
28.799108390022674,29.251897505668932,61,80,1,1,1,1,1,1,1,1,1,1,1,1,1,1,1,1,1,1,1,1,1,1,1,1,1,1,1,1,1,1,1,1,1,1,1,1,1,1,2
28.799108390022674,29.066137868480727,55,72,1,1,2,2,2,1,1,1,1,1,1,1,1,1,1,1,1,1,1,1,1,1,1
28.78749841269841,29.251897505668932,65,74,1,1,1,1,1,1,1,1,1,1,1,1,1,1,1,1,1,1,1,1,1,1,1,1,1,1,1,1,1,1,1,1,2,2,2,1,1,1,1,1
28.613348752834465,28.799108390022674,61,87,1,1,1,1,1,1,1,1,1,1,1,1,1,1,1,1
28.55529886621315,28.70622857142857,77,44,1,1,1,1,2,1,1,1,1,1,1,1,1
28.55529886621315,28.752668480725625,73,51,1,1,1,1,1,1,1,1,1,1,1,1,1,1,1,1,1
28.55529886621315,28.799108390022674,70,69,1,1,1,1,1,1,1,1,1,1,1,1,1,1,1,1,1,1,1,1,1
28.55529886621315,28.799108390022674,67,56,1,1,1,1,1,1,1,1,1,1,1,1,1,-4,-4,-4,-4,-4,-4,-4,-5
28.55529886621315,28.78749841269841,65,82,1,1,1,1,1,1,1,1,1,1,1,1,1,1,1,1,1,1,1,1
28.12572970521542,28.276659410430838,77,44,2,2,2,2,2,2,2,2,2,2,2,1,1
28.114119727891158,28.55529886621315,73,71,1,1,1,1,1,1,1,1,1,1,1,1,1,1,1,1,1,1,1,1,1,1,1,1,1,1,1,1,1,1,1,1,1,1,1,1,1,1
28.114119727891158,28.55529886621315,70,61,-2,-2,-2,-2,-2,-2,-2,-2,-1,1,1,1,1,1,1,1,1,1,1,1,1,1,1,1,1,1,1,1,1,1,1,1,1,1,1,1,1,1
28.114119727891158,28.55529886621315,65,81,1,1,1,1,1,1,1,2,2,1,1,1,1,1,1,1,1,1,1,1,1,1,1,1,1,1,1,1,1,1,1,1,1,1,1,1,1,1
28.114119727891158,28.2882693877551,61,34,2,2,2,2,2,2,2,2,2,2,2,2,1,1,1
28.10250975056689,28.55529886621315,81,61,2,2,2,2,1,1,2,2,2,2,2,1,1,1,1,1,1,1,2,2,2,1,1,1,1,1,1,1,1,1,1,1,1,1,1,1,1,1,1
27.858700226757367,28.114119727891158,65,96,2,2,2,2,2,2,1,1,1,1,1,1,1,1,1,1,1,1,1,1,1,1
27.404627210884353,27.636826757369615,62,60,1,1,1,1,1,1,1,1,1,1,1,1,1,1,1,1,1,1,1,1
27.38140725623583,27.729706575963718,55,86,1,1,1,1,1,1,1,1,1,2,2,1,1,1,1,1,1,1,1,1,1,1,1,1,1,1,1,1,1,1
27.218867573696144,27.3581873015873,67,62,-5,-5,2,2,2,1,1,1,1,-5,-5,-4
27.218867573696144,27.404627210884353,62,43,-1,1,1,1,1,1,1,1,1,1,1,1,1,1,1,1
27.207257596371882,27.451067120181406,74,41,1,1,1,1,1,1,1,1,1,1,1,1,1,1,1,1,1,1,1,1,1
27.207257596371882,28.056069841269842,70,52,1,1,1,1,1,1,1,1,1,1,1,1,1,1,1,1,1,1,1,1,1,1,1,1,1,1,1,1,1,1,1,1,1,1,1,1,1,1,1,1,1,1,1,1,1,1,1,1,1,1,1,1,1,1,1,1,1,1,1,1,1,1,1,1,1,1,1,1,1,1,1,1,1,1
27.19564761904762,27.858700226757367,65,86,1,1,1,1,1,1,1,1,1,1,1,1,1,1,1,1,1,1,1,1,1,1,1,1,1,1,1,1,1,1,1,1,1,1,1,1,2,2,1,1,1,1,1,1,1,1,1,1,1,1,1,1,1,1,2,2,2,2
26.719638548752833,26.917008163265304,57,54,1,1,1,1,1,1,1,1,1,2,2,2,2,2,2,2,2
26.522268934240362,27.172427664399095,62,56,2,2,2,1,1,1,1,1,1,1,1,1,1,1,1,1,1,1,1,1,1,1,1,1,1,1,1,1,1,1,1,1,1,1,1,1,1,1,1,1,1,1,1,1,1,1,1,1,1,1,1,1,1,1,1,1
26.5106589569161,26.99827800453515,74,47,1,1,1,1,1,1,1,1,1,1,1,1,1,1,1,1,1,1,1,1,1,1,1,1,1,1,1,1,1,1,1,1,1,1,1,1,1,1,1,1,1,1
26.5106589569161,26.986668027210886,70,60,1,1,1,1,1,1,1,1,1,1,1,1,1,1,1,1,1,1,1,1,1,1,1,1,1,1,1,1,1,1,1,1,1,1,1,1,1,1,1,1,1
26.5106589569161,27.19564761904762,65,85,1,1,1,1,1,1,1,1,1,1,1,1,1,1,1,1,1,1,1,1,1,1,1,1,1,1,1,1,1,1,1,1,1,1,1,1,1,1,1,1,1,1,1,2,2,1,1,1,1,1,1,1,1,1,1,1,1,1,1
26.04625986394558,26.5106589569161,70,71,2,2,1,1,1,1,1,1,1,1,1,1,1,1,1,1,1,1,1,1,1,1,1,1,1,1,1,1,1,1,1,2,1,1,1,1,1,1,1,1
26.04625986394558,26.638368707482993,67,58,-4,2,2,1,1,1,1,2,2,2,2,1,1,1,1,1,1,1,1,1,1,1,2,2,2,2,2,2,2,2,2,2,2,2,1,1,1,1,1,-5,1,1,1,1,1,1,1,-5,-5,1,-4
26.034649886621317,26.5106589569161,74,64,1,1,2,2,1,1,1,1,1,2,1,1,1,1,1,1,1,1,1,1,1,2,1,2,2,1,1,1,1,2,2,2,2,2,2,1,1,1,1,1,1
26.034649886621317,26.5106589569161,65,45,2,2,2,2,2,1,1,1,1,1,2,2,2,1,1,1,1,1,1,1,2,1,1,2,2,1,1,1,1,2,2,2,2,2,2,2,1,1,1,1,1
26.034649886621317,26.34811927437642,55,60,2,2,2,2,2,2,1,1,1,1,1,1,1,1,1,1,1,1,1,1,1,1,1,1,1,1,1
25.8011664399093,26.034649886621317,74,53,1,1,2,1,1,1,1,1,1,1,1,1,1,1,1,1,1,1,1,1,1
25.8011664399093,26.04625986394558,70,81,1,1,1,1,1,1,1,1,1,1,1,1,1,1,1,1,1,1,1,1,1,1
25.8011664399093,26.04625986394558,67,55,1,1,1,1,1,1,1,1,1,-5,-5,1,1,1,1,1,1,2,2,2,2,-4
25.8011664399093,26.034649886621317,65,62,1,1,1,1,1,1,1,1,1,1,1,1,1,1,1,1,1,1,1,2,2
25.8011664399093,25.999819954648526,62,54,1,1,1,1,1,1,1,1,1,1,1,1,1,1,1,1,1,1
25.371597278911565,25.8011664399093,70,75,-2,1,1,1,1,1,1,1,1,1,1,1,1,1,1,1,1,1,1,1,1,1,1,1,1,1,1,1,1,1,1,1,1,1,1,1,1
25.371597278911565,25.8011664399093,65,50,1,1,1,1,1,1,1,1,1,1,1,1,1,1,1,1,1,1,1,1,1,1,1,1,1,1,1,1,1,1,1,1,1,1,1,1,1
25.371597278911565,25.59218684807256,58,41,-2,-2,-2,-1,-1,-1,-1,-2,-2,-2,-2,-2,-2,1,1,1,1,1,1
25.359987301587303,25.77794648526077,81,54,2,1,1,1,2,2,2,2,2,2,1,1,1,1,1,1,2,2,2,2,2,2,2,1,1,1,1,2,2,2,1,1,1,1,1,1
25.359987301587303,25.8011664399093,74,71,1,1,1,1,1,1,1,1,1,1,1,1,1,1,1,1,1,1,1,1,1,1,1,1,1,1,1,1,1,1,1,1,1,1,1,1,1,1
25.359987301587303,25.719896598639455,62,54,1,1,1,1,1,1,1,1,1,1,1,1,1,1,1,1,1,1,1,1,1,1,1,1,1,1,1,1,1,1,1
25.058127891156463,25.267107482993197,67,60,1,1,1,1,1,1,1,1,1,1,1,1,1,1,1,1,1,1
25.0465179138322,25.243887528344672,79,43,1,1,1,1,1,1,1,1,1,1,1,1,1,1,1,1,1
25.0465179138322,25.301937414965987,75,58,1,1,1,1,1,1,1,1,1,1,1,1,1,1,1,1,1,1,1,1,1,1
25.0465179138322,25.267107482993197,72,54,1,1,1,1,1,1,1,1,1,1,1,1,1,1,1,1,1,1,1
25.0465179138322,25.31354739229025,70,64,1,1,1,1,1,1,1,1,1,1,1,1,1,1,1,1,1,1,1,1,1,1,1
25.03490793650794,25.325157369614512,82,62,1,1,1,1,1,1,1,1,1,1,1,1,1,1,1,1,1,1,1,1,1,1,1,1,1
24.62855873015873,24.860758276643992,57,58,2,1,1,1,1,1,1,1,1,1,1,1,1,1,1,1,1,1,2,2
23.966790022675738,24.384749206349206,53,47,1,1,1,1,1,1,1,1,1,1,1,1,1,1,1,1,1,1,1,1,1,1,1,1,1,1,2,2,2,2,2,2,1,1,1,1
23.955180045351476,24.698218594104308,77,41,-5,1,-5,-5,-5,-5,1,1,2,2,2,2,2,1,1,1,1,2,2,2,1,1,1,1,1,1,-5,2,2,2,2,2,2,2,1,1,1,2,2,2,2,1,1,1,1,1,1,1,2,2,2,2,2,2,2,2,2,2,2,1,1,1,1,1
23.955180045351476,24.16415963718821,72,40,1,1,1,1,1,1,1,1,1,1,1,1,1,1,1,1,1,2
23.955180045351476,24.36152925170068,57,69,2,1,1,1,1,1,1,1,2,1,2,1,1,1,1,1,1,1,1,1,2,2,1,1,1,1,1,2,2,2,2,1,1,1,1
23.955180045351476,24.767878458049886,41,73,2,2,2,2,2,2,2,2,2,2,2,2,1,1,1,1,1,2,1,1,1,1,1,1,1,1,1,1,1,1,1,1,1,1,1,1,1,1,1,1,1,1,1,1,1,1,1,1,1,1,1,1,1,1,1,1,1,1,1,1,1,1,1,1,1,1,1,1,1,1
23.931960090702947,24.489239002267574,75,44,1,1,1,1,1,1,1,1,1,1,1,1,1,1,1,1,1,1,1,1,1,1,1,1,1,1,1,1,1,1,2,2,2,2,1,1,1,1,1,1,1,1,1,1,1,1,1,1
23.059927891156462,23.524326984126986,75,48,1,1,1,1,1,1,1,1,1,1,1,1,1,1,1,1,1,1,1,1,1,1,1,1,1,1,1,1,1,1,1,1,1,1,1,1,1,1,1,1
23.0483179138322,23.675256689342405,72,49,1,1,1,1,1,1,1,1,1,1,1,1,1,1,1,1,1,1,1,1,1,1,1,1,1,1,1,1,1,1,1,1,1,1,1,1,1,1,1,1,1,1,1,1,1,1,1,1,1,1,1,1,1,1
23.0483179138322,23.83779637188209,69,51,1,1,1,1,1,1,1,1,1,1,1,1,1,1,1,1,1,1,1,1,1,1,1,1,1,1,1,1,1,1,1,1,1,1,1,1,1,1,1,1,1,1,1,1,1,1,1,1,1,1,1,1,1,1,1,1,1,1,1,1,1,1,1,1,1,1,1,1
23.0483179138322,23.931960090702947,65,73,2,1,1,1,1,1,1,1,1,1,1,1,1,1,1,1,1,1,1,1,1,1,1,2,2,2,2,2,2,2,2,2,1,1,1,1,1,1,1,1,1,1,1,1,1,1,1,1,1,1,1,1,1,1,1,1,1,1,1,1,1,2,2,2,2,2,1,1,1,1,1,1,1,1,1,1,1
23.025097959183675,23.710086621315195,81,70,1,1,1,1,1,1,1,1,1,1,1,1,1,1,1,1,1,1,1,1,1,1,1,1,1,1,1,1,1,1,1,1,1,1,1,1,1,1,1,1,1,1,1,1,1,1,1,1,1,1,1,1,1,1,1,1,1,1,1
22.56069886621315,23.001878004535147,63,66,1,1,1,1,1,1,1,1,1,1,1,1,1,1,1,1,1,1,1,1,1,1,1,1,1,1,1,1,1,1,1,1,1,1,1,1,1,1
22.56069886621315,22.86255827664399,58,58,1,1,2,2,2,2,2,2,2,1,1,1,1,2,2,2,2,2,2,2,-1,1,1,1,-2,-2
21.875710204081635,22.56069886621315,63,68,1,1,1,1,1,1,1,1,1,1,1,1,1,1,1,1,1,1,1,1,1,1,1,1,1,1,1,1,1,1,1,1,1,1,1,1,1,1,1,1,1,1,1,1,1,1,1,1,1,1,1,1,1,1,1,1,1,1,1
21.875710204081635,22.491039002267573,57,87,1,1,1,1,1,1,1,1,1,1,1,1,1,1,1,1,1,1,1,1,1,1,1,1,1,1,1,1,1,1,1,1,1,1,1,1,1,1,1,1,1,1,1,1,1,1,1,1,1,1,1,1,1
21.20104761904762,21.89893015873016,41,78,1,1,1,1,1,1,1,1,1,1,1,1,1,1,1,1,1,1,1,1,1,1,1,1,1,1,1,1,1,1,1,1,1,1,1,1,1,1,1,1,1,1,1,1,1,1,1,1,1,1,1,1,1,1,1,1,1,1,1,1,1
21.015287981859412,21.642226757369617,81,54,1,1,1,2,2,2,2,2,2,1,1,1,1,1,2,2,2,1,1,1,1,1,1,1,1,1,1,1,1,1,1,1,1,1,1,1,1,1,1,1,1,1,1,1,1,1,1,1,1,1,1,1,1,1
20.98045804988662,21.875710204081635,57,90,2,2,2,2,2,2,1,1,1,1,1,1,1,1,1,1,1,1,1,1,1,1,1,1,1,1,1,1,1,1,1,1,1,1,1,1,1,1,1,1,1,1,1,1,1,1,1,1,1,1,1,1,1,1,1,1,1,1,1,1,1,1,1,1,1,1,1,1,1,1,1,1,1,1,1,1,1,1
20.96884807256236,21.131387755102043,67,37,1,1,1,1,2,1,1,1,1,1,1,1,1,1
20.96884807256236,21.875710204081635,63,67,1,1,1,1,1,1,1,1,1,1,1,1,1,1,1,1,1,1,1,1,1,1,1,1,1,1,1,1,1,1,1,1,1,1,1,1,1,1,1,1,1,1,1,1,1,1,1,1,1,1,1,1,1,1,1,1,1,1,1,1,1,1,1,1,1,1,1,1,1,1,1,1,1,1,1,1,1,1,1
20.5160589569161,21.015287981859412,81,60,1,1,1,2,2,2,2,2,2,2,2,2,2,2,2,2,2,2,2,2,2,2,2,2,2,2,2,2,2,2,2,2,2,2,2,2,2,2,2,2,2,1,1
20.5160589569161,20.89918820861678,69,41,1,1,1,1,1,1,1,1,1,1,1,1,1,1,1,1,1,1,1,1,1,2,2,2,1,1,1,1,1,1,1,2,2
20.5160589569161,20.690208616780048,57,56,2,2,2,1,1,1,1,1,1,1,2,2,2,1,1
20.295469387755105,20.5160589569161,81,70,1,1,1,1,1,1,1,1,1,1,1,1,2,2,2,2,1,1,1
20.295469387755105,20.43478911564626,69,66,1,1,1,1,1,1,1,1,1,1,1,1
19.806566439909297,20.028439909297052,57,65,1,1,1,1,1,1,1,1,1,1,1,1,1,1,1,1,1,1,1,1
19.73690657596372,20.23741950113379,72,60,2,1,1,1,1,1,1,1,1,1,1,1,1,1,1,1,1,1,1,1,1,1,1,1,1,1,1,1,1,1,1,1,1,1,1,1,1,1,1,1,1,1,1,1
19.098357823129252,19.644026757369613,72,83,2,2,2,2,2,2,2,2,2,2,2,2,2,2,2,2,2,2,1,1,1,1,1,1,1,1,1,1,1,1,1,1,1,1,1,1,1,1,1,1,1,1,1,1,1,1,1
19.098357823129252,19.63241678004535,58,43,-1,1,1,1,1,1,1,1,1,1,1,1,1,1,1,1,1,1,1,1,1,1,1,1,1,1,1,1,1,1,1,1,1,1,1,1,1,1,1,1,1,1,1,1,1,1
18.413369160997732,18.912598185941043,72,77,1,1,1,1,1,1,1,1,1,1,1,1,1,1,1,1,1,1,1,1,1,1,1,1,1,1,1,1,1,1,1,1,1,1,1,1,1,1,1,1,1,1,1
18.37853922902494,18.993868027210883,36,73,2,2,2,2,2,2,2,2,2,2,2,2,2,2,2,2,2,2,2,2,2,2,2,2,2,2,2,2,2,2,2,2,2,2,2,2,2,2,2,2,2,2,2,2,2,2,2,2,2,2,2,2,2
18.36692925170068,19.02869795918367,58,68,1,1,1,1,1,1,1,1,1,1,1,1,1,1,1,1,1,1,1,1,1,1,1,1,1,1,1,1,1,1,1,1,1,1,1,1,1,1,1,1,1,1,1,1,1,1,1,1,1,1,1,1,1,1,1,1,1
18.343709297052154,18.71522857142857,52,61,1,1,1,2,2,1,1,1,1,1,1,1,1,1,1,1,1,2,2,1,2,1,1,1,1,1,2,2,2,2,2,2
18.134729705215417,18.355319274376416,64,75,1,1,1,1,1,1,1,1,1,1,1,1,1,1,1,1,1,1,1
18.134729705215417,18.36692925170068,58,79,1,1,1,1,1,1,1,1,1,1,1,1,1,1,1,1,1,1,1,1
17.66904671201814,17.86641632653061,52,52,2,2,2,2,2,2,2,2,2,2,2,1,1,1,1,1,1
17.51811700680272,17.680656689342403,84,53,2,2,2,2,2,2,2,2,2,2,2,2,2,2
17.51811700680272,18.088289795918367,72,79,2,2,2,1,1,1,1,1,2,2,2,2,2,2,2,1,1,1,2,2,2,2,2,2,2,1,1,1,1,1,1,2,2,1,1,1,1,1,1,1,1,1,1,1,1,1,1,1,1,1
16.995668027210883,17.343967346938776,60,48,1,1,2,2,2,2,2,2,2,2,2,2,2,1,1,1,1,1,1,1,1,1,1,1,1,2,2,2,2,2
16.98405804988662,17.425237188208616,69,55,1,1,1,1,1,1,2,2,2,1,1,1,1,2,2,2,2,1,1,1,1,1,1,1,1,1,1,1,1,1,1,1,1,1,1,1,1,1
16.98405804988662,17.43684716553288,64,64,1,1,1,1,1,1,1,1,1,1,1,1,1,1,1,1,2,2,1,1,1,1,1,1,1,1,1,1,2,1,1,1,1,1,1,1,1,1,1
16.98405804988662,17.239477551020407,52,50,1,1,1,1,1,1,1,2,2,2,2,1,1,1,1,1,1,1,1,1,1,1
16.972448072562358,17.610996825396825,36,63,2,2,2,2,2,2,1,1,1,1,2,2,2,2,2,2,2,2,2,2,2,2,2,2,2,2,2,2,2,2,2,2,2,2,2,2,2,2,2,2,2,2,2,2,2,1,2,2,2,2,2,2,2,2,2
16.63575873015873,16.937618140589567,58,65,1,1,1,1,1,1,1,1,1,1,1,1,1,1,1,1,1,1,1,1,1,1,1,1,1,1
16.531268934240362,16.891178231292518,70,63,1,1,1,1,1,1,1,1,1,1,1,1,1,1,1,1,1,1,1,1,1,1,1,1,1,1,1,1,1,1,1
16.5196589569161,16.926008163265305,74,56,1,1,1,1,1,1,1,1,1,1,1,1,1,1,1,1,1,1,1,1,1,1,1,1,1,1,1,1,1,1,1,1,1,1,1
16.5196589569161,16.960838095238095,65,70,1,1,1,1,1,1,1,1,1,1,1,1,1,1,1,1,1,1,1,1,1,1,1,1,1,1,1,1,1,1,1,1,1,1,1,1,2,2
16.5196589569161,16.949228117913833,62,65,1,1,1,1,1,1,1,1,1,1,1,1,1,1,1,1,1,1,1,1,1,1,1,1,1,1,1,1,1,1,1,1,1,1,1,2,2
16.2990693877551,16.5196589569161,62,80,1,1,1,1,1,1,1,1,1,1,1,1,1,1,1,1,1,1,1
16.2990693877551,16.48482902494331,58,70,1,1,1,1,1,1,1,1,1,1,1,1,1,1,1,1
16.090089795918367,16.508048979591837,67,69,1,1,1,1,1,1,1,1,2,2,2,2,2,1,1,1,1,1,1,1,1,1,1,1,1,1,1,1,1,1,1,1,1,1,2,2
16.090089795918367,16.5196589569161,65,60,1,1,1,1,1,1,1,1,1,1,1,1,1,1,1,1,1,1,1,1,1,1,1,1,1,1,1,1,1,1,1,1,1,1,1,1,1
16.090089795918367,16.2990693877551,62,46,1,1,1,1,1,1,1,1,1,1,1,2,1,1,1,1,1,1
16.078479818594104,16.531268934240362,70,64,1,1,1,1,1,1,1,1,1,1,1,1,1,1,1,1,1,1,1,1,1,1,1,1,1,1,1,1,1,1,1,1,1,1,1,1,1,1,1
16.078479818594104,16.310679365079363,55,36,1,1,1,1,1,1,1,1,2,2,2,2,2,2,1,1,1,1,1,1
16.066869841269842,16.33389931972789,43,46,1,1,1,1,1,1,1,1,1,1,1,1,1,1,1,1,1,1,1,1,1,1,1
15.717286621315193,16.066869841269842,43,90,1,1,1,1,1,1,1,1,1,1,1,1,1,1,1,1,1,1,1,1,1,1,1,1,1,1,1,1,1,1,1
15.612796825396826,16.078479818594104,70,65,-1,-2,-2,-2,-1,-1,-1,1,1,1,1,1,1,1,1,1,1,1,1,1,1,1,1,1,1,1,1,1,1,1,1,1,1,1,1,1,1,1,1,1,1
15.612796825396826,15.798556462585033,58,37,1,1,1,1,1,1,1,1,1,1,1,1,1,1,1,1
15.601186848072562,16.090089795918367,65,71,2,1,1,1,1,1,1,1,1,1,1,1,1,1,1,1,1,1,1,1,1,1,1,1,1,1,1,1,1,1,1,1,1,1,1,1,1,1,1,1,1,1,1
15.601186848072562,16.03203990929705,62,58,1,1,1,1,1,1,1,1,1,1,1,1,1,1,1,1,1,1,1,1,1,1,1,1,1,1,1,1,1,1,1,1,1,1,1,1,1,1
15.5895768707483,16.043649886621314,81,52,1,1,1,2,2,2,2,2,2,2,2,2,2,2,2,2,2,2,2,2,2,2,2,2,2,2,1,1,1,1,1,2,2,2,1,1,1,1,1,1
15.5895768707483,16.159749659863945,74,49,1,1,2,2,2,1,1,1,1,1,1,1,1,1,1,1,1,1,1,1,1,1,1,1,1,1,1,1,1,1,1,1,1,1,1,1,1,1,1,1,1,1,1,1,1,1,1,1,1,1
15.043907936507937,15.531526984126984,62,73,1,1,1,1,1,1,1,1,1,1,1,1,1,1,1,1,1,1,1,1,2,2,2,1,1,1,1,1,1,1,1,1,1,1,2,2,1,1,1,1,1,1
14.916198185941044,15.55474693877551,58,86,1,1,1,1,1,1,1,1,1,1,1,1,1,1,1,1,1,1,1,1,1,1,1,1,1,1,1,1,1,1,1,1,1,1,1,1,1,1,1,1,1,1,1,1,1,1,1,1,1,1,1,1,1,1,1
14.90458820861678,15.043907936507937,62,93,1,1,1,1,1,1,1,1,1,1,1,1
14.649168707482993,14.985858049886621,74,47,1,1,1,1,1,1,1,1,1,1,1,1,1,1,1,1,1,1,1,1,1,1,1,1,1,1,1,1,1
14.649168707482993,14.858148299319728,69,57,1,1,1,1,1,1,1,1,1,1,1,1,1,1,1,1,1,1
14.649168707482993,15.601186848072562,65,60,1,1,1,1,1,1,1,1,1,1,1,1,1,1,1,1,1,1,1,1,1,1,1,1,1,1,1,1,1,1,1,1,1,1,1,1,1,1,1,1,1,2,2,2,2,1,1,2,2,2,2,1,1,1,2,2,2,2,2,2,2,2,2,1,1,1,1,2,1,1,1,1,1,1,1,1,1,1,1,2,2,2
14.649168707482993,14.90458820861678,62,81,1,1,1,1,1,1,1,1,1,1,1,1,1,1,1,1,1,1,1,1,1,1
14.649168707482993,14.916198185941044,58,80,1,1,1,1,1,1,1,1,1,1,1,1,1,1,1,1,1,1,1,1,1,1,1
14.207989569160997,14.86975827664399,43,78,1,1,1,1,1,1,1,1,1,1,1,1,1,1,1,1,1,1,1,1,1,1,1,1,1,1,1,1,1,1,1,1,1,1,1,1,1,1,1,1,1,1,1,1,1,1,1,1,1,1,1,1,1,1,1,1,1
14.196379591836735,14.625948752834466,55,73,1,1,1,1,1,1,1,1,1,1,1,1,1,1,1,1,1,1,1,1,1,1,1,1,1,1,1,1,1,1,1,1,1,1,1,1,1
14.173159637188208,14.37052925170068,53,38,1,1,1,1,1,1,1,1,1,1,1,1,2,1,1,1,1
14.022229931972788,14.207989569160997,43,56,-1,1,1,1,1,1,1,1,1,1,1,1,1,1,1,1
13.9874,14.649168707482993,65,66,1,1,1,1,1,1,1,1,1,1,1,1,1,1,1,1,1,1,1,1,1,1,1,1,1,1,1,1,1,1,1,1,1,1,1,1,1,1,1,1,1,1,1,1,1,1,1,1,1,1,1,1,1,1,1,1,1
13.975790022675737,14.196379591836735,55,79,1,1,1,1,1,1,1,1,1,1,1,1,1,1,1,1,1,1,1
13.533326984126985,13.940960090702948,75,71,1,1,1,1,1,1,1,1,1,1,1,1,1,1,1,1,1,1,1,2,2,2,2,2,1,1,1,1,1,2,2,2,2,2,1,1
13.533326984126985,13.730696598639456,63,68,1,1,1,1,1,1,1,1,1,1,2,1,1,1,1,1,1
13.486887074829932,13.695866666666667,60,49,1,1,1,1,1,2,2,2,2,2,1,1,1,1,1,1,1,1
13.312737414965987,13.510107029478458,72,77,1,1,2,2,2,2,2,2,2,1,1,2,2,2,2,1,1
12.859948299319727,13.359177324263038,74,97,1,1,1,1,2,2,2,2,2,2,2,1,1,2,2,2,2,2,2,2,2,2,2,1,1,1,1,2,2,2,2,2,2,2,2,1,1,1,1,1,2,2,-4
12.500039002267574,12.767068480725625,72,87,1,1,1,1,2,2,2,2,2,2,2,2,2,2,2,2,1,2,1,1,2,2,1
12.267839455782314,12.418769160997734,76,56,1,1,1,1,1,1,1,1,1,1,1,1,1
12.267839455782314,12.453599092970522,64,51,1,1,1,1,1,1,1,1,1,1,1,1,1,1,1,1
12.186569614512472,12.476819047619047,74,51,-4,1,1,1,1,1,1,1,1,1,1,1,1,1,1,1,1,1,1,1,1,1,1,1,1
12.186569614512472,12.395549206349207,55,61,1,1,1,1,1,1,1,1,1,1,1,1,1,1,1,1,1,1
12.093689795918367,12.279449433106576,60,67,1,1,1,1,1,1,1,1,1,1,1,1,1,1,1,1
11.918256235827664,12.233009523809525,72,89,1,1,2,2,2,2,2,2,2,2,2,2,2,2,2,2,2,2,2,2,2,1,1,2,2,2,2,2
11.918256235827664,12.093689795918367,60,47,1,1,1,1,1,1,1,1,1,1,1,1,1,1,1,1
11.465467120181406,11.813766439909298,60,65,1,1,1,1,1,1,1,2,2,2,2,1,1,1,1,1,1,2,2,2,2,1,1,1,1,1,1,2,2,2
11.453857142857144,11.767326530612246,55,63,2,2,1,1,1,1,2,2,2,2,2,2,2,2,2,2,2,2,2,2,2,2,1,1,1,1,1
11.453857142857144,12.476819047619047,45,68,1,1,1,1,1,1,1,1,1,1,1,1,1,1,1,1,1,1,1,1,1,1,1,1,1,1,1,1,1,1,1,1,1,1,1,1,1,1,1,1,1,1,1,1,1,1,1,1,1,1,1,1,1,1,1,1,1,1,1,1,1,1,1,1,1,1,1,1,1,1,1,1,1,1,1,1,1,1,1,1,1,1,1,1,1,1,1,1,1
11.44224716553288,12.186569614512472,64,61,1,1,1,1,1,1,1,1,1,1,1,1,1,1,1,1,1,1,1,1,1,1,1,1,1,1,1,1,1,1,1,1,1,2,2,2,2,2,2,2,2,1,1,1,1,1,1,1,1,1,1,1,1,1,1,1,2,2,2,1,1,1,1,1,1
11.395807256235829,11.5931768707483,43,36,2,2,2,1,1,0,0,0,0,2,2,1,1,1,1,1,2
11.001068027210886,11.395807256235829,62,68,1,1,1,1,1,1,1,1,1,1,1,1,1,1,1,1,1,1,1,1,1,1,1,1,1,1,1,1,1,1,1,1,1,1
11.001068027210886,11.453857142857144,55,71,1,1,1,1,1,1,1,1,1,1,1,1,1,1,1,1,1,1,1,1,1,2,2,2,2,2,2,1,1,1,1,1,2,2,2,2,2,2,2
10.989458049886622,11.372587301587302,65,71,1,1,1,1,1,1,1,1,1,1,1,1,1,1,1,1,1,1,1,1,1,1,2,2,2,2,2,2,1,1,1,1,1
10.710818594104309,10.908188208616782,58,70,-2,1,1,1,1,1,1,1,1,1,1,1,1,1,1,1,1
10.710818594104309,10.919798185941044,52,68,2,2,2,2,2,1,1,2,2,2,2,2,2,2,1,1,1,1
10.10709977324263,10.687598639455784,43,85,1,1,1,1,1,1,1,1,1,1,1,1,1,1,1,1,1,1,1,1,1,1,1,1,1,1,1,1,1,1,1,1,1,1,1,1,1,1,1,1,1,1,1,1,1,1,1,1,1,1
10.014219954648526,10.316079365079366,58,64,1,1,1,1,1,1,1,1,1,1,1,1,1,1,1,1,1,1,1,1,1,1,1,1,1,1
9.979390022675737,10.339299319727893,53,58,2,2,2,2,2,2,2,2,2,2,2,2,2,2,2,2,2,2,2,2,2,2,2,1,1,1,1,1,1,1,1
9.838786394557824,10.432179138321997,81,61,1,2,2,2,2,2,1,1,1,2,2,2,2,2,2,2,2,2,2,2,2,2,2,2,2,2,2,2,2,2,2,2,2,2,1,1,1,1,1,1,2,2,2,2,2,2,2,2,2,2,2,1
9.838786394557824,11.001068027210886,69,65,1,2,2,2,2,2,2,2,2,2,2,2,2,2,2,2,2,2,2,2,2,1,2,2,1,2,2,2,2,2,2,2,2,2,2,2,2,2,2,2,2,2,2,2,2,2,2,2,2,2,1,1,1,1,1,1,1,1,1,1,1,1,1,1,1,1,1,1,1,1,1,1,1,1,1,1,1,1,1,1,1,1,1,1,1,1,1,1,1,1,1,1,1,1,1,2,2,2,1,1,1
9.339557369614512,9.838786394557824,69,60,1,1,1,1,1,1,1,1,1,1,1,2,2,1,1,1,1,1,1,1,1,1,1,1,1,1,1,1,1,1,1,1,1,1,1,1,1,2,2,2,2,1,1
9.327947392290248,9.838786394557824,81,81,2,2,2,2,2,2,2,2,2,2,2,2,2,2,2,2,2,2,2,2,2,2,1,1,2,2,2,2,2,2,2,2,1,1,1,2,2,2,1,1,1,1,1,1
9.327947392290248,9.64141678004535,57,70,1,1,1,1,1,1,1,1,1,1,1,1,1,1,1,1,1,1,1,1,1,1,1,1,1,1,1
9.29311746031746,9.687856689342404,64,37,1,1,1,1,1,1,1,1,1,1,1,1,1,1,1,1,2,1,1,1,1,1,1,1,1,1,1,1,1,1,1,1,1,1
9.281507482993197,9.571756916099773,41,47,1,1,1,1,1,1,1,1,1,1,1,1,1,1,1,1,1,1,1,1,1,1,1,1,1
9.084137868480726,9.327947392290248,81,56,2,2,2,1,1,1,1,2,2,2,2,2,2,2,2,2,2,1,1,2,2
9.084137868480726,9.339557369614512,69,84,2,2,2,1,1,1,1,1,1,2,2,2,2,2,2,1,1,1,1,1,1,1
8.619738775510204,9.281507482993197,41,66,1,1,1,1,1,1,1,1,1,1,1,1,1,1,1,1,1,1,1,1,1,1,1,1,1,1,1,1,1,1,1,1,1,1,1,1,1,1,1,1,1,1,1,1,1,1,1,1,1,1,1,1,1,1,1,1,1
8.608128798185941,8.851938321995464,53,46,1,1,1,1,1,1,1,1,1,1,1,1,1,1,1,1,1,1,1,1,1
8.596518820861677,9.014478004535148,72,70,2,2,2,1,1,1,1,1,1,1,1,1,1,1,1,1,1,1,1,1,1,1,1,1,1,1,1,1,1,1,1,1,1,1,1,1
8.584908843537415,8.991258049886621,64,57,2,2,1,1,1,1,1,1,1,1,1,1,1,1,1,1,1,1,1,1,1,1,1,1,1,1,1,1,1,1,1,1,1,1,1
8.584908843537415,8.944818140589568,60,52,1,1,1,1,1,1,1,1,1,1,1,1,1,1,1,1,1,1,1,1,1,1,1,1,1,1,1,1,1,1,1
8.584908843537415,8.851938321995464,57,73,2,1,1,1,1,1,1,1,1,1,1,1,1,1,1,1,1,1,1,1,1,1,1
7.887026303854875,8.329489342403628,72,68,1,1,1,1,1,1,1,2,1,2,2,1,1,1,1,1,1,1,2,2,2,1,1,1,1,1,1,2,2,2,2,2,2,2,2,2,2,2,2
7.887026303854875,8.050849886621315,62,76,1,1,1,1,1,1,1,1,1,1,2,2,1,1,1
7.875416326530613,8.097289795918368,58,55,1,1,1,1,1,1,1,1,1,1,1,1,1,1,1,1,1,1,1,1
7.794146485260771,7.95797006802721,52,43,1,1,1,1,1,1,1,1,1,1,1,1,1,1,1
7.1439877551020405,7.585166893424036,72,75,1,1,1,1,1,1,1,1,1,1,1,2,2,2,1,1,1,1,1,1,1,1,1,1,1,1,1,1,2,2,2,2,2,2,2,2,2,2
7.1439877551020405,7.875416326530613,58,72,1,1,1,1,1,1,1,1,1,1,1,1,1,1,1,1,1,1,1,1,1,1,1,1,1,1,1,1,1,1,1,1,1,1,1,1,1,1,1,1,1,1,1,1,1,1,1,1,1,1,1,1,1,1,1,1,1,1,1,1,1,1,1
7.085937868480726,7.480677097505669,52,61,1,1,1,1,1,1,1,1,1,1,1,1,2,2,2,2,2,2,1,1,1,1,1,1,1,2,2,2,2,2,2,2,2,2
7.062717913832199,7.817366439909297,64,74,1,1,1,1,1,1,1,1,1,1,1,1,1,1,1,1,1,1,1,1,1,1,1,1,1,1,1,1,1,1,1,1,1,1,1,1,1,1,1,1,1,1,1,1,1,1,1,1,1,1,1,1,1,1,1,1,1,1,1,1,1,1,1,1,1
6.412559183673469,6.64475873015873,62,51,1,1,1,1,1,1,1,1,1,1,1,1,1,1,1,1,1,1,1,1
6.37772925170068,6.598318820861678,52,60,1,1,1,1,1,1,1,2,2,2,2,2,2,2,2,2,2,2,2
6.366119274376417,7.1439877551020405,58,58,1,1,1,1,1,1,1,1,1,1,1,1,1,1,1,1,1,1,1,1,1,1,1,1,1,1,1,1,1,1,1,1,1,1,1,1,1,1,1,1,1,1,1,1,1,1,1,1,1,1,1,1,1,1,1,1,1,1,1,1,2,1,1,1,1,1,1
6.354509297052155,6.842128344671202,72,69,2,1,1,1,2,2,1,1,1,1,1,1,1,1,1,1,1,1,2,2,2,2,2,2,1,1,1,1,1,1,2,2,2,2,2,2,2,2,1,2,2,2
6.168749659863946,6.354509297052155,72,98,1,2,2,2,2,2,2,2,1,1,1,1,2,2,2,2
5.656626757369614,6.133919727891157,58,88,1,1,1,1,1,1,1,1,1,1,1,1,1,1,1,1,1,1,1,1,1,1,1,1,1,1,1,1,1,1,1,1,1,1,1,1,1,1,1,1,1,1
5.656626757369614,5.9946,52,79,1,1,1,1,1,1,1,1,1,1,1,1,1,1,1,1,1,1,1,1,1,1,1,1,1,1,1,1,1,1
5.645016780045351,5.982990022675737,69,61,1,1,1,1,1,1,1,1,1,1,1,1,1,1,1,1,1,1,1,1,1,2,2,2,2,2,2,2,2,1
5.645016780045351,5.912046258503401,62,56,1,1,1,1,1,1,1,1,1,1,1,1,1,1,1,1,1,1,1,1,1,1,1
5.645016780045351,6.319679365079365,36,57,2,2,2,2,2,2,2,2,2,2,2,2,2,2,2,2,2,2,2,2,2,2,2,2,2,2,2,2,2,2,2,2,2,2,2,2,2,2,2,2,2,2,2,2,2,2,2,2,2,2,2,2,2,2,2,2,2,2,2
5.44764716553288,5.645016780045351,69,96,1,1,1,2,2,2,1,1,1,1,1,1,1,1,1,2,1
5.44764716553288,5.656626757369614,58,86,1,1,1,1,1,1,1,1,1,1,1,1,1,1,1,1,1,1
5.4360371882086165,6.319679365079365,64,63,1,1,1,1,1,1,1,1,1,1,1,1,1,1,1,1,1,1,1,1,1,1,1,1,1,1,1,1,1,1,1,1,1,1,1,1,1,1,1,1,1,1,1,1,1,1,1,1,1,1,1,1,1,1,1,1,1,1,1,1,1,1,1,1,1,1,1,2,2,1,1,1,1,1,1,1,1
4.936808163265306,5.44764716553288,58,57,1,1,1,2,2,2,2,2,2,2,2,1,1,1,1,1,1,1,1,1,1,1,1,1,1,1,1,1,1,1,1,1,1,1,1,1,1,1,2,2,2,2,1,1
4.925198185941043,5.354767346938775,62,52,-1,1,1,2,2,2,2,2,2,1,1,1,1,1,1,1,1,1,1,1,1,1,1,1,1,1,1,1,1,1,1,1,1,1,1,1,1
4.925198185941043,5.424427210884353,55,94,1,1,1,2,2,2,2,2,2,2,2,2,2,2,1,1,1,1,1,1,1,1,1,1,1,1,1,1,1,1,1,1,1,1,1,1,1,1,1,2,2,2,2
4.205379591836735,4.878758276643991,43,92,1,1,1,1,1,1,1,1,1,1,1,1,1,1,1,1,1,1,1,1,1,1,1,1,1,1,1,1,1,1,1,1,1,1,1,1,1,1,1,1,1,1,1,1,1,1,1,1,1,1,1,1,1,1,1,1,1,1
4.170549659863945,4.37952925170068,53,46,1,1,1,1,1,1,1,1,1,1,1,1,1,1,1,1,1,1
3.484277097505669,3.6816467120181406,58,63,1,1,1,1,1,1,1,1,1,1,1,1,1,1,1,1,1
3.4726671201814057,4.333089342403628,74,67,2,1,1,1,1,1,1,1,1,1,1,1,1,1,1,1,1,1,2,2,2,2,2,2,2,2,2,2,2,2,2,2,2,2,2,2,2,2,2,2,1,1,1,1,1,2,2,2,2,2,2,2,2,2,2,2,2,2,2,2,2,2,1,1,1,1,1,1,1,1,1,1,1,1,1
3.2869074829931972,3.4726671201814057,74,93,1,2,2,2,1,1,1,1,2,2,2,2,2,2,2,2
3.275297505668934,3.4262272108843534,55,41,1,1,1,1,1,1,1,1,1,1,1,1,2
2.7760684807256233,3.275297505668934,62,62,1,1,1,1,1,1,1,1,1,1,2,2,1,1,1,1,1,1,1,1,1,1,1,2,2,2,2,2,2,2,2,2,2,2,2,2,2,2,2,2,2,2,2
2.7528485260770976,3.4494471655328796,43,82,2,2,2,1,1,1,1,1,1,1,1,1,1,2,1,1,1,1,1,1,1,1,1,1,1,1,1,1,1,1,1,1,1,1,1,1,1,1,1,1,1,1,1,1,1,1,1,1,1,1,1,1,1,1,1,1,1,1,1,1
2.4974290249433104,2.7760684807256233,62,87,1,2,1,1,1,1,1,1,1,1,1,1,1,1,1,1,1,1,1,1,1,2,2,2
2.033029931972789,2.4974290249433104,63,101,2,2,1,1,1,1,1,1,1,1,1,1,1,1,1,1,1,2,2,2,2,2,2,2,2,2,2,2,2,2,2,2,1,1,1,1,1,1,1,1
1.799546485260771,2.091079818594104,60,94,1,1,1,2,2,1,1,1,1,1,1,1,2,2,2,2,2,2,2,2,2,2,2,2,2,2
1.3235374149659864,1.7066666666666668,62,65,2,2,2,2,2,2,1,1,1,1,1,1,1,1,1,1,1,1,1,1,1,1,1,1,1,1,1,1,1,1,1,1,1
1.0448979591836736,1.2887074829931973,60,92,1,1,2,2,2,2,2,2,2,2,2,2,2,2,2,2,2,2,2,2,1
0.5688888888888889,1.0332879818594105,62,92,-4,2,2,2,2,1,1,1,1,1,1,1,1,1,1,1,1,1,1,1,1,1,1,1,1,1,2,2,2,1,1,2,2,2,2,2,2,2,2,2
0.3599092970521542,0.615328798185941,60,95,1,2,2,2,2,2,2,2,2,2,2,2,2,2,2,2,2,2,2,2,2,2
81.10060770975058,81.251537414966,63,91,-2,1,1,1,1,1,1,1,1,1,1,1,1
33.5733768707483,33.712696598639454,44,80,-1,-1,-1,-1,-1,-1,1,1,1,1,1,1
15.125177777777777,15.705676643990929,43,54,1,1,1,1,1,1,1,1,1,1,1,1,1,1,1,1,1,1,1,1,1,1,1,1,1,1,1,1,1,1,2,1,1,1,1,1,1,1,1,2,2,2,2,1,1,1,1,1,1,1
45.44647709750567,45.58579682539683,76,80,-5,-5,1,1,1,1,1,1,1,1,1,1
132.0089097505669,132.14822947845806,67,79,-5,-5,1,1,1,1,1,1,1,1,1,-5
9.932950113378686,10.095489795918368,43,70,1,1,1,1,1,1,2,2,2,1,1,1,1,1
77.47701088435375,77.73243038548753,43,64,1,1,1,1,1,1,1,1,1,1,1,1,1,1,1,1,2,2,2,1,1,1
12.035639909297052,12.17495963718821,55,78,2,2,2,2,2,2,2,2,2,2,1,1
145.75250022675738,146.4374888888889,61,54,1,1,1,1,1,1,1,1,1,1,1,1,1,1,1,1,1,1,1,1,1,1,1,1,1,1,1,1,1,1,1,1,1,1,1,1,1,1,1,1,1,1,1,1,1,1,-2,-2,1,1,1,1,1,1,1,1,1,1,1
119.9848798185941,120.13580952380951,58,71,1,1,1,1,1,1,1,1,1,1,1,1,1
110.76013832199546,111.22453741496598,36,70,1,1,1,1,1,1,1,1,1,1,1,1,1,1,1,1,1,1,1,1,1,1,1,1,1,1,1,1,1,1,1,1,1,1,1,1,1,1,1,1
138.8162081632653,138.95552789115646,43,72,-1,-1,-1,-1,1,1,1,1,1,1,1,1
133.22924126984125,133.5659306122449,41,73,1,2,2,2,2,2,2,2,1,1,1,1,1,2,2,2,2,2,2,2,2,2,1,1,1,1,1,1,1
7.155597732426304,8.178559637188208,36,56,2,2,2,2,2,2,2,2,2,2,2,2,2,2,2,2,2,2,2,2,2,2,2,2,2,2,2,2,2,2,2,2,2,2,2,2,2,2,2,2,2,2,2,2,2,2,2,2,2,2,2,2,2,2,2,2,2,2,2,2,2,2,2,2,2,2,2,2,2,2,2,2,2,2,2,2,2,2,2,2,2,2,2,2,2,2,2,2,2
112.72350839002267,113.39817097505669,37,65,1,1,1,1,1,1,2,2,2,2,1,1,1,1,1,1,1,1,1,1,1,1,1,1,1,2,2,2,2,1,1,1,1,1,1,1,1,1,2,1,1,1,1,1,1,2,2,1,1,1,1,1,1,1,1,1,1,1,1
32.43559909297052,32.71423854875283,67,69,2,2,2,1,1,1,1,1,2,2,2,2,2,2,2,1,1,1,1,1,1,1,1,1
139.35155102040818,139.56053061224492,44,75,1,1,1,1,1,1,1,1,1,1,1,1,1,1,1,1,1,1
88.69866848072563,88.86120816326532,73,49,1,1,1,1,1,1,1,1,1,1,1,1,1,1
96.29672925170068,96.4824888888889,43,65,1,1,1,1,2,2,2,2,2,2,2,2,2,2,1,1
158.79820816326531,159.3219410430839,30,64,2,2,2,2,2,2,2,2,2,2,2,2,2,1,1,1,1,1,1,1,1,1,1,1,1,1,1,1,1,1,1,1,1,1,1,1,1,1,1,1,1,1,1,1,1,1
32.16856961451247,32.66779863945578,45,66,2,2,1,1,1,1,1,1,1,1,1,1,1,1,1,1,1,1,1,1,1,2,2,2,2,2,1,1,1,2,2,2,2,2,2,2,2,1,1,1,1,1,1
68.18260952380953,68.51929886621315,63,62,1,1,1,1,1,1,1,1,1,1,1,1,1,1,1,1,1,1,1,1,1,1,1,1,1,1,1,1,1
106.05552970521542,106.25289931972789,61,66,1,1,1,1,1,1,1,1,1,1,1,1,1,1,1,1,1
28.148949659863945,28.5088589569161,39,66,2,2,2,1,1,1,1,1,1,1,1,1,1,1,1,1,1,1,1,1,1,1,1,1,1,1,1,1,1,1,1
169.1039614512472,169.27811111111112,55,56,1,1,1,1,1,1,1,1,1,1,1,1,1,1,1
112.05012970521541,112.22427936507937,54,65,2,2,2,2,2,2,2,2,1,1,1,1,1,1,1
182.57923854875284,182.78950204081633,35,63,1,1,1,1,1,1,1,1,1,1,1,1,1,1,1,1,1,1,1
55.70579047619047,55.84511020408163,55,68,7,1,1,1,1,1,1,1,1,1,1,1
174.66770839002265,175.53974058956916,28,54,2,2,2,2,2,2,2,1,1,2,2,2,2,1,1,1,1,1,1,1,1,1,1,1,1,1,1,1,1,1,1,1,1,1,1,1,1,1,1,1,1,1,1,1,1,1,1,1,1,1,1,1,1,1,1,1,1,1,1,1,1,1,1,1,1,1,1,1,1,1,1,1,1,1,1,1
12.70901859410431,12.848338321995465,60,61,1,1,1,1,1,1,1,1,1,1,1,1
74.95507800453514,75.17566757369615,60,62,1,1,1,1,1,1,1,1,1,2,2,1,1,1,1,1,1,1,1
64.07010975056689,64.31391927437642,57,64,2,2,2,2,1,1,1,1,1,1,1,1,1,1,1,1,1,1,1,1,1
86.06191972789115,86.59597868480726,48,60,1,1,1,1,1,1,1,1,1,1,1,1,1,1,1,1,1,1,1,1,1,1,1,1,1,1,1,1,1,1,1,1,1,1,1,1,1,1,1,1,1,1,1,1,1,1
164.49094875283447,164.6418784580499,56,57,1,1,1,1,1,1,1,1,1,1,1,1,1
42.066689795918364,42.356939229024945,57,57,2,2,2,2,1,1,1,1,1,1,1,1,1,1,1,1,1,1,1,1,1,2,2,2,2
184.716758276644,186.47114875283447,67,55,1,1,1,1,1,1,1,1,1,1,1,1,1,1,1,1,1,1,1,1,1,1,1,1,1,1,1,1,1,1,1,1,1,1,1,1,1,1,1,1,2,2,1,1,1,1,1,1,1,1,1,1,1,1,1,1,1,1,1,1,1,1,1,1,1,1,1,1,1,1,1,1,1,1,1,1,1,1,1,1,1,1,1,1,1,1,1,1,1,1,1,1,1,1,1,1,1,1,1,1,1,1,1,1,1,1,1,1,1,1,1,1,1,1,1,1,1,1,1,1,1,1,1,1,1,1,1,1,1,1,1,1,1,1,1,1,1,1,1,1,1,1,1,1,1,1,1,1,1,1,1,1
112.9673179138322,113.17629750566893,68,38,1,1,1,1,1,1,1,1,1,1,1,1,1,1,1,1,1,1
83.05236780045351,83.44839092970521,53,57,1,1,1,1,1,1,1,1,1,1,1,1,2,2,2,2,2,1,1,1,1,1,1,1,1,1,1,1,1,1,1,1,2,2,2
84.63260861678005,85.53947074829932,36,57,1,1,1,1,1,1,2,2,2,2,2,2,2,2,2,2,2,2,2,2,2,2,2,2,2,2,2,2,2,2,2,2,2,2,2,2,2,2,2,2,2,2,2,2,2,2,2,2,2,2,2,2,2,2,2,2,2,2,2,2,2,2,2,2,2,2,2,2,2,2,2,2,2,2,2,2,2,2,2
19.82978639455782,20.411569160997733,41,59,1,1,1,1,1,1,1,1,1,1,1,1,1,1,1,1,1,1,1,1,1,1,1,1,1,1,1,1,1,1,1,1,1,1,1,1,1,1,1,1,1,1,1,1,1,1,1,1,1,1,1
128.61622857142856,128.83681814058957,56,59,1,1,1,1,1,1,1,1,1,1,1,1,1,1,1,1,1,2,1
104.71909841269841,104.99773786848073,61,59,1,1,1,1,1,1,1,1,1,1,1,1,1,1,1,1,1,1,1,1,1,1,1,1
160.2042993197279,160.6803083900227,63,54,1,1,1,1,1,1,1,1,1,1,1,1,1,1,1,1,1,1,1,1,1,1,1,1,1,1,1,1,1,1,1,1,1,1,1,1,1,1,1,1,1
51.80227029478458,52.19700952380953,64,61,1,1,1,1,1,1,1,1,1,1,1,1,1,1,1,1,1,1,1,1,1,1,1,1,1,1,1,1,1,1,1,1,1,1
12.801898412698414,13.24307755102041,42,55,2,2,1,1,1,1,1,1,1,1,1,1,0,0,0,1,1,1,1,1,1,1,1,1,1,1,1,1,1,1,1,1,1,1,0,0,0,0
68.31031927437643,68.5076888888889,67,62,1,1,1,1,1,1,1,1,1,1,1,1,1,1,1,1,1
71.00511791383221,71.51724081632652,34,49,2,2,2,2,2,2,2,2,2,2,2,2,2,2,2,2,2,2,2,2,2,2,2,2,2,2,2,2,2,2,2,2,2,2,2,2,2,2,2,2,2,2,2,2,2
108.92447800453516,109.13345759637188,36,59,1,1,1,1,1,1,1,1,1,1,1,1,1,1,1,1,1,1
161.40141088435374,161.73810022675738,41,63,1,1,1,1,1,1,1,1,1,1,1,1,1,1,1,1,1,1,1,1,1,1,1,1,1,1,1,1,1
178.04877959183673,178.23453922902493,65,40,-5,-5,-5,-5,-5,1,1,1,1,-5,-5,-5,-5,1,1,1
17.657436734693878,17.796756462585034,60,57,1,1,1,1,1,1,1,1,1,1,1,1
116.29033922902495,116.44126893424037,52,58,2,2,2,2,1,1,1,1,2,2,2,2,2
55.193667573696146,55.50713696145125,62,60,1,1,1,1,1,1,1,1,1,1,1,1,1,1,1,1,1,1,1,1,1,1,1,1,1,1,1
181.69688027210884,181.95229977324263,49,61,2,2,2,1,1,1,1,1,1,1,1,1,1,1,1,1,1,1,1,1,1,1
30.890188208616777,31.250097505668933,45,60,2,2,2,2,1,1,1,1,2,2,2,2,2,2,2,2,1,1,1,1,1,1,1,1,1,1,1,1,1,1,1
124.70109841269841,124.8636380952381,61,56,1,1,1,1,1,1,1,1,1,1,1,1,1,1
43.9604,44.59894875283447,63,50,1,1,1,1,1,1,1,1,1,1,1,1,1,1,1,2,2,2,2,2,2,2,2,1,1,2,1,1,1,1,1,1,1,1,1,1,1,1,1,1,1,1,1,1,1,1,1,1,1,1,1,1,1,1,1
113.40978095238096,113.676810430839,58,59,-5,-5,1,1,1,1,1,1,1,1,1,1,1,1,1,1,1,1,1,1,1,1,1
65.49813696145124,66.01025986394558,36,47,2,2,2,2,2,2,2,2,2,2,2,2,2,2,2,2,2,2,2,2,2,2,2,2,2,2,2,2,2,2,2,2,2,2,2,2,2,2,2,2,2,2,2,2,2
70.22724943310658,70.378179138322,56,56,1,1,2,1,1,1,1,1,1,1,1,1,1
158.71693832199546,159.34516099773245,64,56,1,1,1,1,1,1,1,1,1,1,1,1,1,1,1,1,1,1,1,1,1,1,1,1,1,1,1,1,1,1,1,1,1,1,1,1,1,1,1,1,1,1,1,1,1,1,1,1,1,1,1,1,1,1,1
18.64556870748299,18.993868027210883,64,58,1,1,1,1,1,1,1,1,1,1,1,1,1,1,1,1,1,1,1,1,1,1,1,1,1,1,1,1,1,1
173.32095102040816,173.65764036281178,35,58,2,2,2,2,2,2,2,2,1,1,1,1,1,1,2,2,2,2,1,1,2,2,2,2,2,2,1,1,1
135.8776,136.29555918367348,70,52,1,1,1,1,1,1,1,1,1,1,1,1,1,1,1,1,1,1,1,1,1,1,1,1,1,1,1,1,1,1,1,1,1,1,1,1
92.86921814058957,93.28717732426304,61,56,1,1,1,1,1,1,1,1,1,1,1,1,1,1,1,1,1,1,1,1,1,1,1,1,1,1,1,1,1,1,1,1,1,1,1,1
22.641968707482995,23.001878004535147,36,54,2,2,2,2,2,2,2,2,2,2,2,2,2,2,2,2,2,2,2,2,2,2,2,2,2,2,2,2,2,2,2
160.1114195011338,160.59903854875284,36,51,2,2,2,2,2,2,2,2,2,2,2,2,2,2,2,2,2,2,2,2,2,2,2,2,2,2,2,2,2,2,2,2,2,2,2,2,2,2,2,2,2,2
154.7321482993197,154.90629795918366,64,58,1,1,1,1,1,1,1,1,1,1,1,1,1,1,1
119.15928752834468,119.48565079365079,67,45,1,1,1,1,1,1,1,1,1,1,1,1,1,1,1,1,1,1,1,-1,1,1,1,1,1,1,1,1,1
65.18466757369615,65.3239873015873,82,55,1,1,1,1,1,1,1,2,2,2,2,2
150.16685941043085,150.306179138322,65,55,1,1,1,1,1,1,1,1,1,1,1,1
151.72388027210886,152.53657868480727,73,51,1,1,1,1,1,1,1,1,1,1,1,1,1,1,1,1,1,1,1,1,1,1,1,1,1,1,1,1,1,1,1,1,1,1,1,1,1,1,1,1,1,1,1,1,1,1,1,1,1,1,1,1,1,1,1,1,1,1,1,1,1,1,1,1,1,1,1,1,1,1
147.0192716553288,147.46045079365078,32,55,1,1,1,1,1,1,1,1,2,2,2,1,1,1,1,1,1,1,1,1,1,1,1,1,1,1,1,1,1,1,1,1,1,1,1,1,1,1
2.7644585034013605,3.0082680272108844,58,56,1,1,1,1,1,1,1,1,1,1,1,2,2,2,2,1,1,1,1,1,1
73.89857006802721,74.22364943310657,77,47,1,1,1,1,1,1,1,2,2,2,1,1,1,1,1,1,2,2,2,2,1,1,1,1,1,1,1,2
62.90782811791383,63.07036780045352,67,52,1,1,1,1,1,1,2,2,2,1,1,1,1,1
141.36136099773242,141.60517052154196,67,51,1,1,1,1,1,1,1,1,1,1,1,1,1,1,1,1,1,1,2,2,1
131.2542612244898,131.50968072562358,61,53,1,1,1,1,1,1,1,1,1,1,1,1,1,1,1,1,1,1,1,1,1,1
50.18719954648526,50.326519274376416,58,55,1,1,1,1,1,1,1,1,1,1,1,1
130.6724784580499,130.93950793650794,57,49,1,1,1,1,1,1,1,1,1,1,1,1,1,1,1,1,1,1,1,1,1,1,1
6.679588662131519,7.051107936507937,64,50,1,1,1,1,1,1,1,1,1,1,1,1,1,1,1,1,1,1,1,1,1,1,1,1,1,1,1,1,1,1,1,1
32.21500952380952,32.36593922902494,60,53,1,1,1,1,1,1,1,1,1,1,1,1,1
130.77696825396828,130.9511179138322,66,52,1,1,1,1,1,1,1,1,1,1,1,1,1,1,1
8.10889977324263,8.550078911564626,64,47,1,1,1,1,1,1,1,1,1,1,1,1,1,1,1,1,1,1,1,1,1,1,1,1,1,1,1,1,1,1,2,2,2,2,2,2,2,2
185.73972018140591,186.47114875283447,56,50,1,1,1,1,1,1,1,1,1,1,1,1,1,1,1,1,1,1,1,1,1,1,1,1,1,1,1,1,1,1,1,1,1,1,1,1,1,1,1,1,1,1,1,1,1,1,1,1,1,1,1,1,1,1,1,1,1,1,1,1,1,1,1
31.820270294784578,32.00602993197279,67,45,2,2,1,1,1,1,1,1,1,2,2,2,2,1,1,1
127.29269115646258,127.7570902494331,41,54,1,1,1,1,1,1,1,1,1,1,1,1,1,1,1,1,1,1,1,1,1,1,1,1,1,1,1,1,1,1,1,1,1,1,1,1,1,1,1,1
69.53065079365079,69.68158049886623,44,55,2,2,2,1,1,1,1,1,1,1,1,1,1
3.6932566893424035,3.9602861678004535,43,54,2,2,2,2,1,1,1,1,1,1,1,1,1,1,1,1,1,1,1,1,1,1,1
64.07010975056689,64.40679909297052,53,51,2,2,2,1,1,1,1,1,1,1,1,1,1,1,1,1,1,1,2,2,2,2,2,2,1,1,1,1,1
73.79408027210884,74.20042947845805,34,52,2,2,2,2,2,2,2,2,2,2,2,2,2,2,2,2,2,2,2,2,2,2,2,2,2,2,2,2,2,2,2,2,2,2,2
35.01429795918367,35.29293741496599,44,54,1,1,1,2,2,2,1,1,1,1,1,1,1,1,1,1,1,1,1,1,1,1,1,1
33.16702766439909,33.36439727891156,67,53,2,2,2,2,2,2,2,2,2,2,2,2,2,2,2,1,1
164.02654965986395,164.30518911564624,53,50,1,1,1,1,1,1,1,1,1,1,1,1,1,1,1,1,1,1,1,1,1,1,1,1
157.39340090702947,157.53272063492062,68,53,1,1,1,1,1,1,1,1,1,1,1,1
43.37861723356009,43.5643768707483,42,52,1,2,2,2,2,2,1,1,1,1,1,1,1,1,1,1
61.33919727891156,62.14156961451247,29,50,2,2,2,2,2,2,2,2,2,2,2,2,2,2,2,2,2,2,2,2,2,2,2,2,2,2,2,2,2,2,2,2,2,2,2,2,2,2,2,2,2,2,2,2,2,2,2,2,2,2,2,2,2,2,2,2,2,2,2,2,2,2,2,2,2,2,2,2,2,2
3.6932566893424035,3.9486761904761902,55,50,1,1,1,1,1,1,1,1,1,1,1,1,1,1,1,1,1,2,1,1,1,1
146.98315782312926,147.32113106575963,58,51,1,1,1,1,1,1,1,1,1,1,1,1,1,1,1,1,1,1,1,1,1,1,1,1,1,1,1,1,1,1
127.28108117913831,127.47845079365078,56,50,1,1,1,1,1,1,1,1,1,1,1,1,1,1,1,1,1
26.92861814058957,27.207257596371882,67,46,-5,-5,-5,-5,-5,-4,-4,-4,-4,1,1,1,1,1,1,1,1,1,1,1,-5,-5,-5,-5
73.73603038548752,74.16559954648525,53,48,2,2,1,1,1,1,1,1,1,1,1,1,1,1,1,1,1,1,1,1,1,1,1,1,1,1,1,1,1,1,1,1,1,1,1,1,1
162.92360181405894,163.13258140589568,34,50,2,2,2,2,2,2,2,2,2,2,2,2,2,2,2,2,2,2
30.36773922902494,30.58832879818594,70,49,1,1,1,1,1,1,1,1,1,1,1,1,1,1,1,1,1,1,1
170.83384807256238,171.16021133786847,35,49,2,2,2,2,2,2,2,2,2,2,2,2,2,2,2,2,2,2,2,2,2,2,2,2,2,2,2,2,2
26.173969614512473,26.40616916099773,62,50,1,1,1,1,1,1,1,1,1,1,1,1,1,1,1,1,1,1,1,1
162.50435873015874,162.65528843537416,62,48,1,1,1,1,1,1,1,1,1,1,1,1,1
17.10015782312925,17.413627210884354,58,52,1,1,1,1,1,1,1,1,1,1,1,1,1,1,1,1,1,1,1,1,1,1,1,1,1,1,1
21.108167800453515,21.433247165532883,69,49,1,1,1,1,1,1,1,1,1,1,1,1,1,1,1,1,1,1,1,1,1,1,1,1,1,1,1,1
115.41959092970522,115.8027201814059,42,48,1,1,1,1,1,1,1,1,1,1,1,1,1,1,1,1,1,1,1,1,1,1,1,1,1,1,1,1,1,1,1,2,2
137.16759138321996,137.35335102040816,61,49,1,1,1,1,1,1,1,1,1,1,1,1,1,1,1,1
122.551968707483,122.69128843537415,43,47,1,1,1,1,1,1,1,1,1,1,1,1
42.72845850340136,43.04192789115646,57,45,1,1,1,1,1,1,1,1,1,1,1,1,1,1,1,1,2,2,2,2,2,1,1,1,1,1,1
50.431009070294785,50.57032879818594,36,51,2,2,2,2,2,2,2,2,2,2,2,2
84.40040907029478,84.53972879818593,52,51,1,1,1,1,1,1,1,1,1,1,1,1
14.475019047619048,14.63755873015873,62,49,1,1,1,1,1,1,1,1,1,1,1,1,1,1
88.95408798185942,89.09340770975057,34,50,2,2,2,2,2,2,2,1,1,1,2,2
38.70883854875284,38.88298820861678,43,49,1,1,1,1,1,1,1,1,1,1,1,1,1,1,1
165.50230068027213,165.68806031746033,46,50,1,1,1,1,1,1,1,1,1,1,1,1,1,1,1,1
54.392579138322,54.601558730158736,58,52,1,1,1,1,1,1,1,1,1,1,1,1,1,1,1,1,1,1
148.4008589569161,148.56339863945578,65,50,1,1,1,1,1,1,1,1,1,1,1,1,1,1
27.021497959183673,27.16081768707483,34,49,2,2,2,2,2,2,1,1,2,2,2,2
62.06029977324263,62.2576693877551,67,48,1,1,1,1,2,2,2,2,1,1,1,1,1,1,1,1,1
47.51433696145124,47.66526666666667,58,50,1,1,1,1,1,1,1,1,1,1,1,1,1
19.93556009070295,20.12131972789116,53,49,1,1,1,1,1,1,1,1,1,1,1,1,1,1,1,1
112.92087800453514,113.2704612244898,58,50,-5,-5,-5,1,1,1,1,1,1,1,1,1,1,1,1,1,1,1,1,1,1,1,1,1,1,1,1,1,1,1,1
27.334967346938775,27.520726984126984,46,52,1,1,1,1,1,1,1,1,1,1,1,1,1,1,1,1
102.81377823129252,103.08080770975056,58,47,1,1,1,1,1,1,1,1,1,1,1,-5,1,1,1,1,1,1,1,1,1,1,1
160.44810884353743,160.62225850340138,60,52,1,1,1,1,1,1,1,1,1,1,1,1,1,1,1
125.32932108843538,125.56152063492064,37,51,2,1,1,1,1,2,2,2,2,2,2,2,2,2,2,1,1,1,1,1
77.1274276643991,77.35962721088436,38,50,1,1,1,1,1,1,1,1,1,1,1,1,1,1,1,1,1,1,1,1
63.33739727891157,63.71020045351473,63,44,1,1,1,1,1,1,1,1,1,1,1,1,1,1,1,1,1,1,1,1,1,1,1,1,1,1,1,1,1,1,1,1,1
98.7593283446712,98.99152789115647,46,44,1,1,1,1,1,1,1,1,1,1,1,1,1,1,1,1,1,1,1,1
57.87814013605443,58.05228979591837,53,49,1,1,1,1,1,1,1,1,1,1,1,1,1,1,1
55.27493741496599,55.47230702947846,43,51,1,1,1,1,1,1,1,1,1,1,1,1,1,1,1,1,1
147.00637777777777,147.30952108843536,51,45,1,1,1,1,1,1,1,1,1,1,1,1,1,1,1,1,1,1,1,1,1,1,1,1,1,1,1
54.67121859410431,54.82214829931973,62,48,1,1,1,1,1,1,1,1,1,1,1,1,1
73.06136780045351,73.32839727891155,72,50,1,1,1,1,1,1,1,1,1,1,1,1,1,1,1,1,1,1,1,1,1,1,1
73.79408027210884,73.95661995464852,61,47,1,1,1,1,1,1,1,1,1,1,1,1,1,1
69.54226077097506,69.78607029478458,53,46,2,2,1,1,1,1,1,1,1,1,1,1,1,1,1,1,1,2,2,2,2
148.42407891156464,148.6214485260771,32,50,1,1,1,1,1,1,1,1,1,1,1,1,1,1,1,1,1
116.80117823129252,117.09142766439909,64,48,1,1,1,1,1,1,1,1,1,1,1,1,1,1,1,1,1,1,1,1,1,1,1,1,1
121.18199138321995,121.33292108843537,79,49,1,1,1,1,1,1,1,1,1,1,1,1,1
169.30133106575965,169.7889501133787,58,47,1,1,1,1,1,1,1,1,1,1,1,1,1,1,1,1,1,1,1,1,1,1,1,1,1,1,1,1,1,1,1,1,1,1,1,1,1,1,1,1,1,1
19.993609977324265,20.179369614512474,63,48,1,1,1,1,1,1,1,1,1,1,1,1,1,1,1,1
66.21923945578231,66.6952485260771,67,47,1,1,1,1,1,1,1,1,1,1,1,1,1,1,1,1,1,1,1,1,1,1,1,1,1,1,1,1,1,1,1,1,1,1,1,1,1,1,1,1,1
60.14336961451247,60.422009070294784,36,48,2,2,2,2,2,2,2,2,2,2,2,2,2,2,2,2,2,2,2,2,2,2,2,2
30.901798185941043,31.0411179138322,72,48,1,1,1,1,1,1,1,1,1,1,1,1
178.36224897959184,178.51317868480726,39,48,2,2,2,1,1,1,1,1,1,1,1,1,1
165.80416009070296,165.95508979591838,56,45,1,1,1,1,1,1,1,1,1,1,1,1,1
78.30131927437643,78.62639863945579,53,45,1,1,1,1,1,1,1,1,1,1,1,1,1,1,1,1,1,1,1,1,1,1,1,1,1,1,1,1
5.110957823129252,5.343157369614512,43,50,1,1,1,1,1,1,1,1,1,1,1,1,1,1,1,1,1,1,1,1
135.52930068027212,135.6918403628118,41,48,1,1,1,1,1,1,1,1,1,1,1,1,1,1
81.71722040816326,81.86815011337868,42,39,1,1,1,1,1,1,1,1,1,1,1,1,1
61.58300680272109,61.793270294784584,67,48,1,1,1,1,1,1,1,1,1,1,1,1,1,1,1,1,1,1,1
16.554488888888887,16.728638548752834,55,46,1,1,1,1,2,2,2,2,2,1,1,1,1,1,1
95.42598095238095,95.80911020408163,39,45,1,1,1,1,1,1,1,1,1,1,1,2,2,1,1,1,1,1,1,1,1,1,1,1,1,1,1,1,1,1,1,1,1
36.53648888888888,36.79190839002267,70,44,1,1,1,1,1,1,1,1,1,1,1,1,1,1,1,1,1,1,1,1,1,1
62.74528843537415,62.93104807256236,53,49,1,1,1,1,1,1,1,1,1,1,1,1,1,1,1,1
145.70606031746033,145.84538004535148,65,47,1,1,1,1,1,1,1,1,1,1,1,1
76.5004888888889,76.88361814058958,50,42,1,1,1,1,1,1,1,1,1,1,1,1,1,1,1,1,1,1,1,1,1,1,1,1,1,1,1,1,1,1,1,1,1
123.40078095238096,123.62137052154195,53,42,2,1,1,1,1,1,1,1,1,2,2,2,2,2,2,2,2,1,1
69.76285034013605,69.92539002267574,34,46,2,2,2,2,2,2,2,2,2,2,2,2,2,2
98.573568707483,98.82898820861679,65,40,1,1,1,1,1,1,1,1,1,1,1,1,1,1,1,1,1,1,1,1,1,1
183.4861006802721,183.63703038548752,52,48,1,1,1,1,1,1,1,1,1,1,1,1,1
120.24029931972788,120.4260589569161,48,43,1,1,1,1,1,1,1,1,1,1,1,1,1,1,1,1
38.60434875283447,38.95264807256236,74,41,2,2,2,2,1,1,1,1,1,1,1,1,1,1,1,1,1,1,1,2,2,2,2,2,2,2,2,2,2,2
96.14579954648526,96.29672925170068,39,45,1,1,1,1,1,1,1,1,1,1,1,1,1
10.049049886621315,10.478619047619048,62,41,1,1,1,1,1,1,1,1,1,1,1,1,1,1,1,1,1,1,1,1,1,1,1,1,1,1,1,1,1,1,1,1,1,1,1,1,1
36.89639818594104,37.16342766439909,55,40,2,2,2,1,1,1,1,1,1,2,2,2,2,1,1,1,1,1,1,1,1,1,2
176.02735963718823,176.282779138322,34,46,2,2,2,2,2,2,2,2,2,2,2,2,2,2,2,2,2,2,2,2,2,2
71.08638775510205,71.260537414966,53,43,2,1,1,1,1,1,1,1,1,2,2,1,1,1,1
128.26792925170068,128.4420789115646,77,44,1,1,1,1,1,1,1,1,1,1,1,1,1,1,1
37.977409977324264,38.23282947845805,65,41,1,1,1,1,1,1,1,1,1,1,1,1,1,1,1,1,1,1,1,1,1,1
22.11951972789116,22.340109297052155,67,46,1,1,1,1,1,1,1,1,1,1,1,1,1,1,1,1,1,1,1
49.36160725623583,49.59380680272109,62,37,2,1,1,1,1,1,1,1,1,1,1,1,1,1,1,1,1,1,1,1
186.07640952380953,186.273779138322,32,44,1,1,1,1,1,1,1,1,1,1,1,1,1,1,1,1,1
185.72811020408164,186.00674965986394,48,44,1,1,1,1,1,1,1,1,1,1,1,1,1,1,1,1,1,1,1,1,1,1,1,1
124.82880816326531,124.96812789115647,77,45,1,1,1,1,1,1,1,1,1,1,1,1
88.98891791383221,89.25594739229025,46,40,1,1,1,1,1,1,1,1,1,1,1,1,1,1,1,1,1,1,1,1,1,1,1
165.59518049886623,165.73450022675738,34,45,2,2,2,2,2,2,2,2,2,2,2,2
64.1281596371882,64.27908934240362,34,44,2,2,2,2,2,2,2,2,2,2,2,2,2
130.0455396825397,130.19646938775512,60,44,1,1,1,1,1,1,1,1,1,1,1,1,1
133.92583990929705,134.19286938775508,46,40,1,1,1,1,1,1,1,1,1,1,1,1,1,1,1,1,1,1,1,1,1,1,1
17.738706575963718,18.053459863945577,36,43,2,2,2,2,2,2,2,1,1,1,2,2,2,2,2,2,2,2,2,2,2,2,2,2,2,2,2,2
121.5767306122449,121.84376009070294,50,42,1,1,1,1,1,1,1,1,1,1,1,1,1,1,1,1,1,1,1,1,1,1,1
20.028439909297052,20.16775963718821,58,45,1,1,1,1,1,1,1,1,1,1,1,1
103.5000507936508,103.77869024943311,33,45,2,2,2,2,2,2,2,2,2,2,2,2,2,2,2,2,2,2,2,2,2,2,2,2
166.77939818594106,167.16381133786848,33,42,2,2,2,2,2,2,2,2,2,2,2,2,2,2,2,2,2,2,2,2,2,2,2,2,2,2,2,2,2,2,2,2,2,2
21.560956916099776,21.746716553287982,67,43,1,1,1,1,1,1,1,1,1,1,1,1,1,1,1,1
33.85330022675737,34.08549977324263,71,43,1,1,1,1,1,1,1,1,1,1,1,1,1,1,1,1,1,1,1,1
122.34298911564626,122.48230884353741,41,44,0,0,1,1,1,1,1,1,1,1,1,-1
100.21185941043083,100.59498866213151,79,43,1,1,1,1,1,1,1,1,1,1,1,2,2,1,1,1,1,1,1,2,2,2,2,2,1,1,1,1,1,1,1,1,1
138.7233283446712,138.95552789115646,70,43,1,1,1,1,1,1,1,1,1,1,1,1,1,1,1,1,1,1,1,1
23.73330657596372,23.920350113378685,75,37,1,1,1,1,1,1,1,1,1,1,1,1,1,1,1,1,1
138.7813782312925,138.9439179138322,75,44,1,1,1,1,1,1,1,1,1,1,1,1,1,1
73.70120045351473,74.0262798185941,72,43,2,2,2,1,1,1,1,1,1,1,1,1,1,1,1,1,1,1,1,1,1,1,1,1,2,2,1,1
93.04336780045351,93.18268752834467,33,43,2,2,2,2,2,2,2,2,2,2,2,2
74.42101904761904,74.67643854875283,77,42,1,2,1,2,2,2,2,2,1,1,1,2,2,2,2,2,2,1,1,1,1,1
79.07918775510204,79.24172743764173,53,44,1,1,1,1,1,1,1,1,1,1,1,1,1,1
168.05777959183672,168.49895873015873,34,42,2,2,2,2,2,2,2,2,2,2,2,2,2,2,2,2,2,2,2,2,2,2,2,2,2,2,2,2,2,2,1,1,1,1,1,1,1,1
77.73243038548753,78.03428979591837,53,40,1,1,1,1,1,1,1,1,1,1,1,1,1,1,1,1,1,1,1,1,1,1,1,1,1,1
19.493097052154194,19.63241678004535,64,43,1,1,1,1,1,1,1,1,1,1,1,1
147.0773215419501,147.21664126984126,44,41,2,2,2,2,1,1,1,1,1,1,1,1
158.8910879818594,159.1361814058957,49,41,1,1,1,1,1,1,1,1,1,1,1,1,1,1,1,1,1,1,1,1,1,1
38.801718367346936,39.01069795918367,67,37,1,1,1,1,1,1,1,1,1,1,1,1,-4,-4,-4,-4,-4,-5
42.832948299319725,43.007097959183675,45,42,1,1,1,1,1,1,1,1,1,1,1,1,1,1,1
127.36235102040817,127.57133061224488,53,41,1,1,1,1,1,1,1,1,1,1,1,1,1,1,1,1,1,1
30.878578231292515,31.064337868480724,43,41,1,1,1,1,1,1,1,1,1,1,2,2,2,1,1,1
29.798850340136052,30.031049886621314,67,38,-4,-4,-4,-4,-4,-4,-4,-4,-4,-4,-4,-4,-5,-5,-5,1,1,1,1,1
185.43786077097508,185.62362040816328,79,39,1,1,1,1,1,1,1,1,1,1,1,1,1,1,1,1
124.108989569161,124.24830929705216,58,40,1,1,1,1,1,1,1,1,1,1,1,1
74.6532185941043,74.82736825396825,72,40,1,1,1,1,2,1,1,1,1,1,1,1,1,1,1
